location	tongue_dorsum	supragingival_plaque	supragingival_plaque	supragingival_plaque	supragingival_plaque	subgingival_plaque	tongue_dorsum	tongue_dorsum	subgingival_plaque	tongue_dorsum	supragingival_plaque	tongue_dorsum	subgingival_plaque	supragingival_plaque	supragingival_plaque	tongue_dorsum	supragingival_plaque	supragingival_plaque	tongue_dorsum	tongue_dorsum	tongue_dorsum	supragingival_plaque	tongue_dorsum	subgingival_plaque	subgingival_plaque	subgingival_plaque	subgingival_plaque	subgingival_plaque	subgingival_plaque	subgingival_plaque
k__Bacteria	100	100	100	100	100	100	100	100	100	100	100	100	100	100	100	100	100	100	100	100	100	100	100	100	100	100	0	100	0	0
k__Bacteria|p__Firmicutes	65.60298	77.03556999999999	43.614309999999996	19.73808	10.88317	9.05435	65.06199000000001	18.832829999999998	12.86786	42.03732	39.92723	61.98503	55.24669	54.17265	56.73984	84.28457	40.0289	39.88203	25.42628	39.280879999999996	63.404140000000005	0	21.57785	7.00192	13.944220000000001	0	0	100	0	0
k__Bacteria|p__Actinobacteria	32.1027	19.90806	27.57443	9.66976	48.924040000000005	0	14.343110000000001	2.21711	1.1093600000000001	15.08581	24.6418	5.6613	38.858779999999996	11.22108	39.4832	13.329039999999999	40.89175	6.46015	24.41951	5.55585	6.74463	21.60424	9.71082	39.48806	39.31358	100	0	0	0	0
k__Bacteria|p__Bacteroidetes	2.29432	0.81024	0	2.07302	17.360979999999998	50.05148	2.77564	30.49322	22.68936	12.801160000000001	10.51206	18.43929	0	16.2472	0	2.38639	12.19501	18.60695	14.64809	26.652790000000003	0	49.58867	30.08118	20.67869	11.373380000000001	0	0	0	0	0
k__Bacteria|p__Firmicutes|c__Bacilli	56.79537	77.03556999999999	38.93847	18.86271	0	0	49.44489	1.75784	12.86786	9.14922	24.12566	26.14865	55.24669	15.44113	56.73984	68.32215	26.09194	39.88203	0	8.70706	45.788579999999996	0	0	0	6.16017	0	0	100	0	0
k__Bacteria|p__Actinobacteria|c__Actinomycetia	32.1027	19.90806	27.57443	9.66976	48.924040000000005	0	14.343110000000001	2.21711	1.1093600000000001	15.08581	24.6418	1.8863400000000001	38.858779999999996	11.22108	39.4832	11.30198	40.89175	6.46015	24.41951	5.55585	6.74463	21.60424	3.3593699999999997	39.48806	39.31358	100	0	0	0	0
k__Bacteria|p__Firmicutes|c__Negativicutes	8.80761	0	4.67585	0.8753700000000001	10.88317	9.05435	15.6171	11.75952	0	32.37962	15.801570000000002	24.57456	0	37.37664	0	15.96243	13.936960000000001	0	25.42628	30.57382	17.615560000000002	0	21.57785	7.00192	7.78405	0	0	0	0	0
k__Bacteria|p__Bacteroidetes|c__Bacteroidia	2.29432	0	0	2.07302	9.92848	41.15331	2.77564	30.49322	6.44642	12.801160000000001	0	18.43929	0	16.2472	0	2.38639	0	0	14.64809	26.652790000000003	0	8.50527	30.08118	9.58672	2.71128	0	0	0	0	0
k__Bacteria|p__Firmicutes|c__Bacilli|o__Lactobacillales	56.79537	77.03556999999999	38.93847	18.86271	0	0	49.44489	1.75784	12.86786	9.14922	24.12566	26.14865	55.24669	15.44113	56.73984	68.15945	26.09194	39.88203	0	8.70706	39.29273	0	0	0	6.16017	0	0	100	0	0
k__Bacteria|p__Actinobacteria|c__Actinomycetia|o__Actinomycetales	16.17213	10.91205	4.09365	0	0.47496000000000005	0	2.15551	2.21711	0	14.33336	0	1.8863400000000001	18.352	0	15.064110000000001	0	12.21	6.46015	24.41951	2.55496	0	1.09283	2.2696	1.35435	2.9667	40.10283	0	0	0	0
k__Bacteria|p__Firmicutes|c__Negativicutes|o__Veillonellales	8.80761	0	4.67585	0.8753700000000001	4.0046800000000005	9.05435	15.6171	11.75952	0	32.37962	15.801570000000002	24.57456	0	37.37664	0	15.96243	13.936960000000001	0	25.42628	30.57382	17.615560000000002	0	21.57785	7.00192	7.78405	0	0	0	0	0
k__Bacteria|p__Bacteroidetes|c__Bacteroidia|o__Bacteroidales	2.29432	0	0	2.07302	9.92848	41.15331	2.77564	30.49322	6.44642	12.801160000000001	0	18.43929	0	16.2472	0	2.38639	0	0	14.64809	26.652790000000003	0	8.50527	30.08118	9.58672	2.71128	0	0	0	0	0
k__Bacteria|p__Firmicutes|c__Bacilli|o__Lactobacillales|f__Streptococcaceae	55.008419999999994	8.96925	29.732409999999998	18.86271	0	0	47.16317	1.75784	0	9.14922	14.0355	26.14865	3.5234699999999997	15.44113	19.44404	67.64174	0	1.84159	0	6.82835	33.34033	0	0	0	1.59554	0	0	0	0	0
k__Bacteria|p__Actinobacteria|c__Actinomycetia|o__Actinomycetales|f__Actinomycetaceae	16.17213	10.91205	4.09365	0	0.47496000000000005	0	2.15551	2.21711	0	14.33336	0	1.8863400000000001	18.352	0	15.064110000000001	0	12.21	6.46015	24.41951	2.55496	0	1.09283	2.2696	1.35435	2.9667	40.10283	0	0	0	0
k__Bacteria|p__Firmicutes|c__Negativicutes|o__Veillonellales|f__Veillonellaceae	8.80761	0	4.67585	0.8753700000000001	4.0046800000000005	9.05435	15.6171	11.75952	0	32.37962	15.801570000000002	24.57456	0	37.37664	0	15.96243	13.936960000000001	0	25.42628	30.57382	17.615560000000002	0	21.57785	7.00192	7.78405	0	0	0	0	0
k__Bacteria|p__Bacteroidetes|c__Bacteroidia|o__Bacteroidales|f__Prevotellaceae	2.29432	0	0	0	1.65687	41.15331	2.49874	30.49322	6.44642	12.801160000000001	0	18.43929	0	16.2472	0	2.38639	0	0	14.64809	10.11903	0	8.25883	30.08118	2.72752	2.53252	0	0	0	0	0
k__Bacteria|p__Firmicutes|c__Bacilli|o__Lactobacillales|f__Carnobacteriaceae	1.78695	0	0	0	0	0	2.28172	0	0	0	0	0	0	0	0	0.51771	0	0	0	1.8787099999999999	5.9524	0	0	0	0	0	0	0	0	0
k__Bacteria|p__Firmicutes|c__Bacilli|o__Lactobacillales|f__Streptococcaceae|g__Streptococcus	55.008419999999994	8.96925	29.732409999999998	18.86271	0	0	47.16317	1.75784	0	9.14922	14.0355	26.14865	3.5234699999999997	15.44113	19.44404	67.64174	0	1.84159	0	6.82835	33.34033	0	0	0	1.59554	0	0	0	0	0
k__Bacteria|p__Actinobacteria|c__Actinomycetia|o__Actinomycetales|f__Actinomycetaceae|g__Actinomyces	16.17213	10.91205	4.09365	0	0	0	2.15551	2.21711	0	14.33336	0	1.8863400000000001	18.352	0	15.064110000000001	0	12.21	6.46015	24.41951	2.55496	0	1.09283	2.2696	0	2.39606	40.10283	0	0	0	0
k__Bacteria|p__Actinobacteria|c__Actinomycetia|o__Micrococcales|f__Micrococcaceae|g__Rothia	15.930570000000001	2.4988599999999996	0	0	2.96643	0	12.1876	0	1.1093600000000001	0.75245	0	0	6.03872	0	0	11.30198	0	0	0	3.00089	6.74463	0	1.0897700000000001	0	0	0	0	0	0	0
k__Bacteria|p__Firmicutes|c__Negativicutes|o__Veillonellales|f__Veillonellaceae|g__Veillonella	8.80761	0	4.67585	0.8753700000000001	4.0046800000000005	9.05435	15.6171	11.75952	0	32.37962	15.801570000000002	21.97942	0	37.37664	0	15.96243	13.936960000000001	0	25.42628	30.57382	17.615560000000002	0	21.57785	7.00192	7.78405	0	0	0	0	0
k__Bacteria|p__Bacteroidetes|c__Bacteroidia|o__Bacteroidales|f__Prevotellaceae|g__Prevotella	2.29432	0	0	0	1.65687	22.07524	2.49874	30.49322	6.44642	12.801160000000001	0	18.43929	0	16.2472	0	2.38639	0	0	14.64809	8.47152	0	8.25883	30.08118	2.72752	2.53252	0	0	0	0	0
k__Bacteria|p__Firmicutes|c__Bacilli|o__Lactobacillales|f__Carnobacteriaceae|g__Granulicatella	1.78695	0	0	0	0	0	2.28172	0	0	0	0	0	0	0	0	0.51771	0	0	0	1.8787099999999999	5.9524	0	0	0	0	0	0	0	0	0
k__Bacteria|p__Firmicutes|c__Bacilli|o__Lactobacillales|f__Streptococcaceae|g__Streptococcus|s__Streptococcus_parasanguinis	29.73791	0	0	0	0	0	26.125	0	0	4.00725	0	18.76367	0	0	0	36.09328	0	0	0	0	11.72082	0	0	0	0	0	0	0	0	0
k__Bacteria|p__Firmicutes|c__Bacilli|o__Lactobacillales|f__Streptococcaceae|g__Streptococcus|s__Streptococcus_salivarius	25.27051	0	0	0	0	0	7.87075	0	0	5.14197	0	7.3849800000000005	0	0	0	31.54846	0	0	0	1.08619	6.877789999999999	0	0	0	0	0	0	0	0	0
k__Bacteria|p__Actinobacteria|c__Actinomycetia|o__Micrococcales|f__Micrococcaceae|g__Rothia|s__Rothia_mucilaginosa	15.930570000000001	0	0	0	0	0	12.1876	0	0	0.75245	0	0	0	0	0	11.30198	0	0	0	3.00089	6.74463	0	1.0897700000000001	0	0	0	0	0	0	0
k__Bacteria|p__Actinobacteria|c__Actinomycetia|o__Actinomycetales|f__Actinomycetaceae|g__Actinomyces|s__Actinomyces_sp_ICM47	7.24215	0	0	0	0	0	0	2.21711	0	8.58649	0	0.47347	0	0	0	0	0	0	18.743660000000002	0	0	0	0	0	0	0	0	0	0	0
k__Bacteria|p__Actinobacteria|c__Actinomycetia|o__Actinomycetales|f__Actinomycetaceae|g__Actinomyces|s__Actinomyces_graevenitzii	6.32348	0	0	0	0	0	0	0	0	3.78617	0	1.41287	0	0	0	0	0	0	3.58796	0	0	0	2.2696	0	0	0	0	0	0	0
k__Bacteria|p__Firmicutes|c__Negativicutes|o__Veillonellales|f__Veillonellaceae|g__Veillonella|s__Veillonella_dispar	5.67451	0	0	0	0	0	0	9.66245	0	13.21217	0	15.66045	0	0	0	15.96243	0	0	21.1638	0	0	0	17.00236	0	0	0	0	0	0	0
k__Bacteria|p__Firmicutes|c__Negativicutes|o__Veillonellales|f__Veillonellaceae|g__Veillonella|s__Veillonella_atypica	3.1331	0	0	0	0	0	0	0.30573	0	19.16745	0	6.318969999999999	0	0	0	0	0	0	4.262490000000001	0	0	0	0	0	0	0	0	0	0	0
k__Bacteria|p__Actinobacteria|c__Actinomycetia|o__Actinomycetales|f__Actinomycetaceae|g__Actinomyces|s__Actinomyces_sp_ph3	2.6065	0	0	0	0	0	0	0	0	0	0	0	0	0	0	0	0	0	0	0	0	0	0	0	0	0	0	0	0	0
k__Bacteria|p__Bacteroidetes|c__Bacteroidia|o__Bacteroidales|f__Prevotellaceae|g__Prevotella|s__Prevotella_melaninogenica	2.29432	0	0	0	0	0	2.49874	10.57399	0	3.54744	0	0	0	0	0	2.38639	0	0	12.51652	0.65305	0	0	28.388759999999998	0	0	0	0	0	0	0
k__Bacteria|p__Firmicutes|c__Bacilli|o__Lactobacillales|f__Carnobacteriaceae|g__Granulicatella|s__Granulicatella_SGB8255	1.78695	0	0	0	0	0	2.28172	0	0	0	0	0	0	0	0	0.51771	0	0	0	1.8787099999999999	5.9524	0	0	0	0	0	0	0	0	0
k__Bacteria|p__Firmicutes|c__Bacilli|o__Lactobacillales|f__Streptococcaceae|g__Streptococcus|s__Streptococcus_parasanguinis|t__SGB8071	29.73791	0	0	0	0	0	26.125	0	0	4.00725	0	18.76367	0	0	0	36.09328	0	0	0	0	11.72082	0	0	0	0	0	0	0	0	0
k__Bacteria|p__Firmicutes|c__Bacilli|o__Lactobacillales|f__Streptococcaceae|g__Streptococcus|s__Streptococcus_salivarius|t__SGB8007_group	25.27051	0	0	0	0	0	7.87075	0	0	5.14197	0	7.3849800000000005	0	0	0	31.54846	0	0	0	1.08619	6.877789999999999	0	0	0	0	0	0	0	0	0
k__Bacteria|p__Actinobacteria|c__Actinomycetia|o__Micrococcales|f__Micrococcaceae|g__Rothia|s__Rothia_mucilaginosa|t__SGB16971_group	15.930570000000001	0	0	0	0	0	12.1876	0	0	0.75245	0	0	0	0	0	4.173690000000001	0	0	0	3.00089	6.74463	0	1.0897700000000001	0	0	0	0	0	0	0
k__Bacteria|p__Actinobacteria|c__Actinomycetia|o__Actinomycetales|f__Actinomycetaceae|g__Actinomyces|s__Actinomyces_sp_ICM47|t__SGB17167_group	7.24215	0	0	0	0	0	0	2.21711	0	8.58649	0	0.47347	0	0	0	0	0	0	18.743660000000002	0	0	0	0	0	0	0	0	0	0	0
k__Bacteria|p__Actinobacteria|c__Actinomycetia|o__Actinomycetales|f__Actinomycetaceae|g__Actinomyces|s__Actinomyces_graevenitzii|t__SGB17130_group	6.32348	0	0	0	0	0	0	0	0	3.78617	0	1.41287	0	0	0	0	0	0	3.58796	0	0	0	2.2696	0	0	0	0	0	0	0
k__Bacteria|p__Firmicutes|c__Negativicutes|o__Veillonellales|f__Veillonellaceae|g__Veillonella|s__Veillonella_dispar|t__SGB6952	5.67451	0	0	0	0	0	0	9.66245	0	13.21217	0	15.66045	0	0	0	15.96243	0	0	21.1638	0	0	0	17.00236	0	0	0	0	0	0	0
k__Bacteria|p__Firmicutes|c__Negativicutes|o__Veillonellales|f__Veillonellaceae|g__Veillonella|s__Veillonella_atypica|t__SGB6936	3.1331	0	0	0	0	0	0	0.30573	0	19.16745	0	6.318969999999999	0	0	0	0	0	0	4.262490000000001	0	0	0	0	0	0	0	0	0	0	0
k__Bacteria|p__Actinobacteria|c__Actinomycetia|o__Actinomycetales|f__Actinomycetaceae|g__Actinomyces|s__Actinomyces_sp_ph3|t__SGB17137_group	2.6065	0	0	0	0	0	0	0	0	0	0	0	0	0	0	0	0	0	0	0	0	0	0	0	0	0	0	0	0	0
k__Bacteria|p__Bacteroidetes|c__Bacteroidia|o__Bacteroidales|f__Prevotellaceae|g__Prevotella|s__Prevotella_melaninogenica|t__SGB1552	2.29432	0	0	0	0	0	2.49874	10.57399	0	3.54744	0	0	0	0	0	2.38639	0	0	12.51652	0.65305	0	0	28.388759999999998	0	0	0	0	0	0	0
k__Bacteria|p__Firmicutes|c__Bacilli|o__Lactobacillales|f__Carnobacteriaceae|g__Granulicatella|s__Granulicatella_SGB8255|t__SGB8255_group	1.78695	0	0	0	0	0	2.28172	0	0	0	0	0	0	0	0	0.51771	0	0	0	1.8787099999999999	5.9524	0	0	0	0	0	0	0	0	0
k__Bacteria|p__Proteobacteria	0	2.24613	25.61151	64.50809	4.68679	0	17.81926	19.87717	0	8.733319999999999	13.16027	1.07561	5.8945300000000005	0	3.77696	0	0	30.36536	25.45869	24.06108	29.851229999999997	9.76132	9.55454	15.2632	0	0	0	0	0	0
k__Bacteria|p__Proteobacteria|c__Betaproteobacteria	0	1.15594	10.795630000000001	0	2.63266	0	0	16.82174	0	0	10.39992	0	5.8945300000000005	0	0	0	0	21.75293	21.8288	15.12829	0	0	6.23021	13.8401	0	0	0	0	0	0
k__Bacteria|p__Proteobacteria|c__Gammaproteobacteria	0	1.09018	14.815879999999998	64.50809	2.0541400000000003	0	17.81926	0	0	0	2.76035	0	0	0	3.77696	0	0	8.61243	0	8.932789999999999	29.851229999999997	2.41695	3.3243300000000002	1.4231	0	0	0	0	0	0
k__Bacteria|p__Bacteroidetes|c__Flavobacteriia	0	0.81024	0	0	7.432510000000001	8.89817	0	0	0	0	10.51206	0	0	0	0	0	12.19501	18.60695	0	0	0	41.08339	0	11.09197	5.7131099999999995	0	0	0	0	0
k__Bacteria|p__Proteobacteria|c__Betaproteobacteria|o__Neisseriales	0	1.15594	10.795630000000001	0	1.0875700000000001	0	0	16.82174	0	0	10.39992	0	0	0	0	0	0	21.75293	21.8288	15.12829	0	0	6.23021	13.8401	0	0	0	0	0	0
k__Bacteria|p__Proteobacteria|c__Gammaproteobacteria|o__Pasteurellales	0	1.09018	14.815879999999998	64.50809	2.0541400000000003	0	17.81926	0	0	0	2.76035	0	0	0	3.77696	0	0	8.61243	0	8.932789999999999	29.851229999999997	2.41695	3.3243300000000002	1.4231	0	0	0	0	0	0
k__Bacteria|p__Bacteroidetes|c__Flavobacteriia|o__Flavobacteriales	0	0.81024	0	0	7.432510000000001	8.89817	0	0	0	0	10.51206	0	0	0	0	0	12.19501	18.60695	0	0	0	41.08339	0	11.09197	5.7131099999999995	0	0	0	0	0
k__Bacteria|p__Firmicutes|c__Bacilli|o__Lactobacillales|f__Enterococcaceae	0	68.06633000000001	9.20606	0	0	0	0	0	12.86786	0	10.090160000000001	0	51.72322	0	37.2958	0	26.09194	38.040440000000004	0	0	0	0	0	0	4.56463	0	0	100	0	0
k__Bacteria|p__Actinobacteria|c__Actinomycetia|o__Corynebacteriales|f__Corynebacteriaceae	0	6.49714	23.48078	9.66976	45.48265	0	0	0	0	0	24.6418	0	2.5624	11.22108	24.41909	0	28.681759999999997	0	0	0	0	20.51141	0	0	36.34688	59.897169999999996	0	0	0	0
k__Bacteria|p__Proteobacteria|c__Betaproteobacteria|o__Neisseriales|f__Neisseriaceae	0	1.15594	10.795630000000001	0	1.0875700000000001	0	0	16.82174	0	0	10.39992	0	0	0	0	0	0	21.75293	21.8288	15.12829	0	0	6.23021	13.8401	0	0	0	0	0	0
k__Bacteria|p__Proteobacteria|c__Gammaproteobacteria|o__Pasteurellales|f__Pasteurellaceae	0	1.09018	14.815879999999998	64.50809	2.0541400000000003	0	17.81926	0	0	0	2.76035	0	0	0	3.77696	0	0	8.61243	0	8.932789999999999	29.851229999999997	2.41695	3.3243300000000002	1.4231	0	0	0	0	0	0
k__Bacteria|p__Bacteroidetes|c__Flavobacteriia|o__Flavobacteriales|f__Flavobacteriaceae	0	0.81024	0	0	7.432510000000001	6.926760000000001	0	0	0	0	10.51206	0	0	0	0	0	12.19501	17.5397	0	0	0	41.08339	0	0	5.7131099999999995	0	0	0	0	0
k__Bacteria|p__Firmicutes|c__Bacilli|o__Lactobacillales|f__Enterococcaceae|g__GGB10485	0	68.06633000000001	9.20606	0	0	0	0	0	12.86786	0	10.090160000000001	0	51.72322	0	37.2958	0	26.09194	38.040440000000004	0	0	0	0	0	0	4.56463	0	0	100	0	0
k__Bacteria|p__Actinobacteria|c__Actinomycetia|o__Corynebacteriales|f__Corynebacteriaceae|g__Corynebacterium	0	6.49714	23.48078	9.66976	45.48265	0	0	0	0	0	24.6418	0	2.5624	11.22108	24.41909	0	28.681759999999997	0	0	0	0	20.51141	0	0	36.34688	59.897169999999996	0	0	0	0
k__Bacteria|p__Proteobacteria|c__Betaproteobacteria|o__Neisseriales|f__Neisseriaceae|g__Kingella	0	1.15594	0	0	0	0	0	0	0	0	0	0	0	0	0	0	0	1.37248	0	0	0	0	0	0	0	0	0	0	0	0
k__Bacteria|p__Proteobacteria|c__Gammaproteobacteria|o__Pasteurellales|f__Pasteurellaceae|g__Haemophilus	0	1.09018	14.815879999999998	63.90668	2.0541400000000003	0	17.81926	0	0	0	2.76035	0	0	0	3.77696	0	0	8.61243	0	8.932789999999999	29.851229999999997	1.6689	3.3243300000000002	0	0	0	0	0	0	0
k__Bacteria|p__Bacteroidetes|c__Flavobacteriia|o__Flavobacteriales|f__Flavobacteriaceae|g__Capnocytophaga	0	0.81024	0	0	7.432510000000001	6.926760000000001	0	0	0	0	10.51206	0	0	0	0	0	12.19501	11.25672	0	0	0	41.08339	0	0	5.7131099999999995	0	0	0	0	0
k__Bacteria|p__Firmicutes|c__Bacilli|o__Lactobacillales|f__Enterococcaceae|g__GGB10485|s__GGB10485_SGB49305	0	68.06633000000001	9.20606	0	0	0	0	0	12.86786	0	10.090160000000001	0	51.72322	0	37.2958	0	26.09194	38.040440000000004	0	0	0	0	0	0	4.56463	0	0	100	0	0
k__Bacteria|p__Actinobacteria|c__Actinomycetia|o__Actinomycetales|f__Actinomycetaceae|g__Actinomyces|s__Actinomyces_oris	0	10.91205	4.09365	0	0	0	0	0	0	0	0	0	17.85705	0	12.07731	0	0	6.46015	0	0	0	1.09283	0	0	0	40.10283	0	0	0	0
k__Bacteria|p__Firmicutes|c__Bacilli|o__Lactobacillales|f__Streptococcaceae|g__Streptococcus|s__Streptococcus_sanguinis	0	5.98551	7.761539999999999	11.329889999999999	0	0	0	0	0	0	14.0355	0	0	6.25851	10.58019	0	0	0	0	0	0	0	0	0	0	0	0	0	0	0
k__Bacteria|p__Actinobacteria|c__Actinomycetia|o__Corynebacteriales|f__Corynebacteriaceae|g__Corynebacterium|s__Corynebacterium_matruchotii	0	3.6641	23.48078	9.66976	45.48265	0	0	0	0	0	24.6418	0	2.5624	11.22108	24.41909	0	28.681759999999997	0	0	0	0	20.51141	0	0	35.70547	59.897169999999996	0	0	0	0
k__Bacteria|p__Firmicutes|c__Bacilli|o__Lactobacillales|f__Streptococcaceae|g__Streptococcus|s__Streptococcus_oralis	0	2.98374	13.47826	7.53282	0	0	0	0	0	0	0	0	3.5234699999999997	5.83455	6.43229	0	0	1.84159	0	0	0	0	0	0	0	0	0	0	0	0
k__Bacteria|p__Actinobacteria|c__Actinomycetia|o__Corynebacteriales|f__Corynebacteriaceae|g__Corynebacterium|s__Corynebacterium_durum	0	2.83304	0	0	0	0	0	0	0	0	0	0	0	0	0	0	0	0	0	0	0	0	0	0	0.64141	0	0	0	0	0
k__Bacteria|p__Actinobacteria|c__Actinomycetia|o__Micrococcales|f__Micrococcaceae|g__Rothia|s__Rothia_aeria	0	2.4988599999999996	0	0	2.96643	0	0	0	1.1093600000000001	0	0	0	6.03872	0	0	0	0	0	0	0	0	0	0	0	0	0	0	0	0	0
k__Bacteria|p__Proteobacteria|c__Betaproteobacteria|o__Neisseriales|f__Neisseriaceae|g__Kingella|s__Kingella_bonacorsii	0	1.15594	0	0	0	0	0	0	0	0	0	0	0	0	0	0	0	0	0	0	0	0	0	0	0	0	0	0	0	0
k__Bacteria|p__Proteobacteria|c__Gammaproteobacteria|o__Pasteurellales|f__Pasteurellaceae|g__Haemophilus|s__Haemophilus_parainfluenzae	0	1.09018	14.815879999999998	63.90668	2.0541400000000003	0	17.81926	0	0	0	2.76035	0	0	0	3.77696	0	0	8.61243	0	8.932789999999999	29.851229999999997	1.6689	3.3243300000000002	0	0	0	0	0	0	0
k__Bacteria|p__Bacteroidetes|c__Flavobacteriia|o__Flavobacteriales|f__Flavobacteriaceae|g__Capnocytophaga|s__Capnocytophaga_sputigena	0	0.81024	0	0	0.82478	0	0	0	0	0	6.05932	0	0	0	0	0	4.4762	0	0	0	0	0	0	0	0	0	0	0	0	0
k__Bacteria|p__Firmicutes|c__Bacilli|o__Lactobacillales|f__Enterococcaceae|g__GGB10485|s__GGB10485_SGB49305|t__SGB49305_group	0	68.06633000000001	9.20606	0	0	0	0	0	12.86786	0	10.090160000000001	0	51.72322	0	37.2958	0	26.09194	38.040440000000004	0	0	0	0	0	0	4.56463	0	0	100	0	0
k__Bacteria|p__Actinobacteria|c__Actinomycetia|o__Actinomycetales|f__Actinomycetaceae|g__Actinomyces|s__Actinomyces_oris|t__SGB15878	0	10.91205	4.09365	0	0	0	0	0	0	0	0	0	17.85705	0	12.07731	0	0	6.46015	0	0	0	1.09283	0	0	0	40.10283	0	0	0	0
k__Bacteria|p__Firmicutes|c__Bacilli|o__Lactobacillales|f__Streptococcaceae|g__Streptococcus|s__Streptococcus_sanguinis|t__SGB8047_group	0	5.98551	7.761539999999999	11.329889999999999	0	0	0	0	0	0	14.0355	0	0	6.25851	10.58019	0	0	0	0	0	0	0	0	0	0	0	0	0	0	0
k__Bacteria|p__Actinobacteria|c__Actinomycetia|o__Corynebacteriales|f__Corynebacteriaceae|g__Corynebacterium|s__Corynebacterium_matruchotii|t__SGB17007	0	3.6641	23.48078	9.66976	45.48265	0	0	0	0	0	24.6418	0	2.5624	11.22108	24.41909	0	28.681759999999997	0	0	0	0	20.51141	0	0	35.70547	59.897169999999996	0	0	0	0
k__Bacteria|p__Firmicutes|c__Bacilli|o__Lactobacillales|f__Streptococcaceae|g__Streptococcus|s__Streptococcus_oralis|t__SGB8130	0	2.98374	13.47826	7.53282	0	0	0	0	0	0	0	0	3.5234699999999997	5.83455	6.43229	0	0	1.84159	0	0	0	0	0	0	0	0	0	0	0	0
k__Bacteria|p__Actinobacteria|c__Actinomycetia|o__Corynebacteriales|f__Corynebacteriaceae|g__Corynebacterium|s__Corynebacterium_durum|t__SGB17008	0	2.83304	0	0	0	0	0	0	0	0	0	0	0	0	0	0	0	0	0	0	0	0	0	0	0.64141	0	0	0	0	0
k__Bacteria|p__Actinobacteria|c__Actinomycetia|o__Micrococcales|f__Micrococcaceae|g__Rothia|s__Rothia_aeria|t__SGB16987	0	2.4988599999999996	0	0	2.96643	0	0	0	1.1093600000000001	0	0	0	6.03872	0	0	0	0	0	0	0	0	0	0	0	0	0	0	0	0	0
k__Bacteria|p__Proteobacteria|c__Betaproteobacteria|o__Neisseriales|f__Neisseriaceae|g__Kingella|s__Kingella_bonacorsii|t__SGB9422	0	1.15594	0	0	0	0	0	0	0	0	0	0	0	0	0	0	0	0	0	0	0	0	0	0	0	0	0	0	0	0
k__Bacteria|p__Proteobacteria|c__Gammaproteobacteria|o__Pasteurellales|f__Pasteurellaceae|g__Haemophilus|s__Haemophilus_parainfluenzae|t__SGB9663_group	0	1.09018	14.815879999999998	63.90668	2.0541400000000003	0	17.81926	0	0	0	2.76035	0	0	0	3.77696	0	0	8.61243	0	8.932789999999999	29.851229999999997	1.6689	3.3243300000000002	0	0	0	0	0	0	0
k__Bacteria|p__Bacteroidetes|c__Flavobacteriia|o__Flavobacteriales|f__Flavobacteriaceae|g__Capnocytophaga|s__Capnocytophaga_sputigena|t__SGB2502	0	0.81024	0	0	0.82478	0	0	0	0	0	6.05932	0	0	0	0	0	4.4762	0	0	0	0	0	0	0	0	0	0	0	0	0
k__Bacteria|p__Fusobacteria	0	0	3.19975	4.01104	11.78032	35.3685	0	9.45983	23.72214	5.61439	0	6.4858199999999995	0	14.22802	0	0	6.884339999999999	0	10.04743	4.44939	0	11.02276	10.55735	17.56813	35.36882	0	0	0	0	0
k__Bacteria|p__Fusobacteria|c__Fusobacteriia	0	0	3.19975	4.01104	11.78032	35.3685	0	9.45983	23.72214	5.61439	0	6.4858199999999995	0	14.22802	0	0	6.884339999999999	0	10.04743	4.44939	0	11.02276	10.55735	17.56813	35.36882	0	0	0	0	0
k__Bacteria|p__Fusobacteria|c__Fusobacteriia|o__Fusobacteriales	0	0	3.19975	4.01104	11.78032	35.3685	0	9.45983	23.72214	5.61439	0	6.4858199999999995	0	14.22802	0	0	6.884339999999999	0	10.04743	4.44939	0	11.02276	10.55735	17.56813	35.36882	0	0	0	0	0
k__Bacteria|p__Fusobacteria|c__Fusobacteriia|o__Fusobacteriales|f__Fusobacteriaceae	0	0	3.19975	4.01104	5.27674	35.3685	0	3.35368	23.72214	0	0	0	0	14.22802	0	0	4.76193	0	3.76318	4.44939	0	11.02276	6.43578	17.56813	24.74951	0	0	0	0	0
k__Bacteria|p__Proteobacteria|c__Betaproteobacteria|o__Neisseriales|f__Neisseriaceae|g__Neisseria	0	0	10.795630000000001	0	1.0875700000000001	0	0	16.82174	0	0	10.39992	0	0	0	0	0	0	20.38045	21.8288	15.12829	0	0	6.23021	13.8401	0	0	0	0	0	0
k__Bacteria|p__Fusobacteria|c__Fusobacteriia|o__Fusobacteriales|f__Fusobacteriaceae|g__Fusobacterium	0	0	3.19975	4.01104	5.27674	35.3685	0	3.35368	23.72214	0	0	0	0	14.22802	0	0	4.76193	0	3.76318	4.44939	0	11.02276	6.43578	17.56813	24.74951	0	0	0	0	0
k__Bacteria|p__Proteobacteria|c__Betaproteobacteria|o__Neisseriales|f__Neisseriaceae|g__Neisseria|s__Neisseria_sicca	0	0	10.795630000000001	0	0	0	0	0	0	0	10.39992	0	0	0	0	0	0	19.36873	0	0	0	0	0	0.32066999999999996	0	0	0	0	0	0
k__Bacteria|p__Firmicutes|c__Bacilli|o__Lactobacillales|f__Streptococcaceae|g__Streptococcus|s__Streptococcus_gordonii	0	0	8.49261	0	0	0	0	0	0	0	0	0	0	3.3480800000000004	0	0	0	0	0	0	0	0	0	0	1.59554	0	0	0	0	0
k__Bacteria|p__Firmicutes|c__Negativicutes|o__Veillonellales|f__Veillonellaceae|g__Veillonella|s__Veillonella_parvula	0	0	4.67585	0.8753700000000001	4.0046800000000005	9.05435	0	0	0	0	15.801570000000002	0	0	37.37664	0	0	13.936960000000001	0	0	0	0	0	0	7.00192	7.78405	0	0	0	0	0
k__Bacteria|p__Fusobacteria|c__Fusobacteriia|o__Fusobacteriales|f__Fusobacteriaceae|g__Fusobacterium|s__Fusobacterium_nucleatum	0	0	3.19975	4.01104	5.27674	35.3685	0	0	23.72214	0	0	0	0	14.22802	0	0	4.76193	0	0	0	0	11.02276	0	17.56813	24.74951	0	0	0	0	0
k__Bacteria|p__Proteobacteria|c__Betaproteobacteria|o__Neisseriales|f__Neisseriaceae|g__Neisseria|s__Neisseria_sicca|t__SGB9467_group	0	0	10.795630000000001	0	0	0	0	0	0	0	10.39992	0	0	0	0	0	0	19.36873	0	0	0	0	0	0.32066999999999996	0	0	0	0	0	0
k__Bacteria|p__Firmicutes|c__Bacilli|o__Lactobacillales|f__Streptococcaceae|g__Streptococcus|s__Streptococcus_gordonii|t__SGB8053	0	0	8.49261	0	0	0	0	0	0	0	0	0	0	3.3480800000000004	0	0	0	0	0	0	0	0	0	0	1.59554	0	0	0	0	0
k__Bacteria|p__Firmicutes|c__Negativicutes|o__Veillonellales|f__Veillonellaceae|g__Veillonella|s__Veillonella_parvula|t__SGB6939	0	0	4.67585	0.8753700000000001	4.0046800000000005	9.05435	0	0	0	0	15.801570000000002	0	0	37.37664	0	0	13.936960000000001	0	0	0	0	0	0	7.00192	7.78405	0	0	0	0	0
k__Bacteria|p__Fusobacteria|c__Fusobacteriia|o__Fusobacteriales|f__Fusobacteriaceae|g__Fusobacterium|s__Fusobacterium_nucleatum|t__SGB6001	0	0	3.19975	4.01104	0.94219	0.83983	0	0	0	0	0	0	0	10.100010000000001	0	0	2.54389	0	0	0	0	3.02601	0	2.09425	0	0	0	0	0	0
k__Bacteria|p__Bacteroidetes|c__Bacteroidia|o__Bacteroidales|f__Porphyromonadaceae	0	0	0	2.07302	8.27161	0	0.2769	0	0	0	0	0	0	0	0	0	0	0	0	16.53376	0	0.24644000000000002	0	6.8592	0.17876	0	0	0	0	0
k__Bacteria|p__Bacteroidetes|c__Bacteroidia|o__Bacteroidales|f__Porphyromonadaceae|g__Porphyromonas	0	0	0	2.07302	8.27161	0	0.2769	0	0	0	0	0	0	0	0	0	0	0	0	16.53376	0	0.24644000000000002	0	6.8592	0.17876	0	0	0	0	0
k__Bacteria|p__Proteobacteria|c__Gammaproteobacteria|o__Pasteurellales|f__Pasteurellaceae|g__Aggregatibacter	0	0	0	0.60142	0	0	0	0	0	0	0	0	0	0	0	0	0	0	0	0	0	0.74805	0	1.4231	0	0	0	0	0	0
k__Bacteria|p__Bacteroidetes|c__Bacteroidia|o__Bacteroidales|f__Porphyromonadaceae|g__Porphyromonas|s__Porphyromonas_SGB2037	0	0	0	2.07302	0	0	0	0	0	0	0	0	0	0	0	0	0	0	0	0	0	0	0	0	0	0	0	0	0	0
k__Bacteria|p__Proteobacteria|c__Gammaproteobacteria|o__Pasteurellales|f__Pasteurellaceae|g__Aggregatibacter|s__Aggregatibacter_segnis	0	0	0	0.60142	0	0	0	0	0	0	0	0	0	0	0	0	0	0	0	0	0	0	0	0	0	0	0	0	0	0
k__Bacteria|p__Bacteroidetes|c__Bacteroidia|o__Bacteroidales|f__Porphyromonadaceae|g__Porphyromonas|s__Porphyromonas_SGB2037|t__SGB2037	0	0	0	2.07302	0	0	0	0	0	0	0	0	0	0	0	0	0	0	0	0	0	0	0	0	0	0	0	0	0	0
k__Bacteria|p__Proteobacteria|c__Gammaproteobacteria|o__Pasteurellales|f__Pasteurellaceae|g__Aggregatibacter|s__Aggregatibacter_segnis|t__SGB9737_group	0	0	0	0.60142	0	0	0	0	0	0	0	0	0	0	0	0	0	0	0	0	0	0	0	0	0	0	0	0	0	0
k__Bacteria|p__Candidatus_Saccharibacteria	0	0	0	0	6.36469	0	0	10.63973	0	15.728	11.75864	6.35295	0	4.13106	0	0	0	0	0	0	0	8.023019999999999	18.51825	0	0	0	0	0	0	0
k__Bacteria|p__Candidatus_Saccharibacteria|c__Candidatus_Saccharibacteria_unclassified	0	0	0	0	6.36469	0	0	10.63973	0	15.728	11.75864	6.35295	0	0	0	0	0	0	0	0	0	8.023019999999999	18.51825	0	0	0	0	0	0	0
k__Bacteria|p__Firmicutes|c__Negativicutes|o__Selenomonadales	0	0	0	0	6.878489999999999	0	0	0	0	0	0	0	0	0	0	0	0	0	0	0	0	0	0	0	0	0	0	0	0	0
k__Bacteria|p__Candidatus_Saccharibacteria|c__Candidatus_Saccharibacteria_unclassified|o__Candidatus_Saccharibacteria_unclassified	0	0	0	0	6.36469	0	0	10.63973	0	15.728	11.75864	6.35295	0	0	0	0	0	0	0	0	0	8.023019999999999	18.51825	0	0	0	0	0	0	0
k__Bacteria|p__Proteobacteria|c__Betaproteobacteria|o__Burkholderiales	0	0	0	0	1.54509	0	0	0	0	0	0	0	5.8945300000000005	0	0	0	0	0	0	0	0	0	0	0	0	0	0	0	0	0
k__Bacteria|p__Firmicutes|c__Negativicutes|o__Selenomonadales|f__Selenomonadaceae	0	0	0	0	6.878489999999999	0	0	0	0	0	0	0	0	0	0	0	0	0	0	0	0	0	0	0	0	0	0	0	0	0
k__Bacteria|p__Fusobacteria|c__Fusobacteriia|o__Fusobacteriales|f__Leptotrichiaceae	0	0	0	0	6.50358	0	0	6.10614	0	5.61439	0	6.4858199999999995	0	0	0	0	2.12241	0	6.28425	0	0	0	4.121569999999999	0	10.61931	0	0	0	0	0
k__Bacteria|p__Candidatus_Saccharibacteria|c__Candidatus_Saccharibacteria_unclassified|o__Candidatus_Saccharibacteria_unclassified|f__Candidatus_Saccharibacteria_unclassified	0	0	0	0	6.36469	0	0	10.63973	0	15.728	11.75864	6.35295	0	0	0	0	0	0	0	0	0	8.023019999999999	18.51825	0	0	0	0	0	0	0
k__Bacteria|p__Proteobacteria|c__Betaproteobacteria|o__Burkholderiales|f__Burkholderiaceae	0	0	0	0	1.54509	0	0	0	0	0	0	0	5.8945300000000005	0	0	0	0	0	0	0	0	0	0	0	0	0	0	0	0	0
k__Bacteria|p__Firmicutes|c__Negativicutes|o__Selenomonadales|f__Selenomonadaceae|g__Selenomonas	0	0	0	0	6.878489999999999	0	0	0	0	0	0	0	0	0	0	0	0	0	0	0	0	0	0	0	0	0	0	0	0	0
k__Bacteria|p__Fusobacteria|c__Fusobacteriia|o__Fusobacteriales|f__Leptotrichiaceae|g__Leptotrichia	0	0	0	0	6.50358	0	0	6.10614	0	5.61439	0	6.4858199999999995	0	0	0	0	2.12241	0	6.28425	0	0	0	4.121569999999999	0	10.61931	0	0	0	0	0
k__Bacteria|p__Candidatus_Saccharibacteria|c__Candidatus_Saccharibacteria_unclassified|o__Candidatus_Saccharibacteria_unclassified|f__Candidatus_Saccharibacteria_unclassified|g__Candidatus_Saccharibacteria_unclassified	0	0	0	0	6.36469	0	0	10.63973	0	15.728	11.75864	6.35295	0	0	0	0	0	0	0	0	0	8.023019999999999	18.51825	0	0	0	0	0	0	0
k__Bacteria|p__Proteobacteria|c__Betaproteobacteria|o__Burkholderiales|f__Burkholderiaceae|g__Lautropia	0	0	0	0	1.54509	0	0	0	0	0	0	0	5.8945300000000005	0	0	0	0	0	0	0	0	0	0	0	0	0	0	0	0	0
k__Bacteria|p__Actinobacteria|c__Actinomycetia|o__Actinomycetales|f__Actinomycetaceae|g__Actinobaculum	0	0	0	0	0.47496000000000005	0	0	0	0	0	0	0	0	0	0	0	0	0	0	0	0	0	0	1.35435	0.57065	0	0	0	0	0
k__Bacteria|p__Bacteroidetes|c__Bacteroidia|o__Bacteroidales|f__Porphyromonadaceae|g__Porphyromonas|s__Porphyromonas_pasteri	0	0	0	0	8.27161	0	0.2769	0	0	0	0	0	0	0	0	0	0	0	0	16.53376	0	0.24644000000000002	0	0	0.17876	0	0	0	0	0
k__Bacteria|p__Firmicutes|c__Negativicutes|o__Selenomonadales|f__Selenomonadaceae|g__Selenomonas|s__Selenomonas_noxia	0	0	0	0	6.878489999999999	0	0	0	0	0	0	0	0	0	0	0	0	0	0	0	0	0	0	0	0	0	0	0	0	0
k__Bacteria|p__Fusobacteria|c__Fusobacteriia|o__Fusobacteriales|f__Leptotrichiaceae|g__Leptotrichia|s__Leptotrichia_sp_oral_taxon_212	0	0	0	0	6.50358	0	0	0	0	0	0	0	0	0	0	0	0	0	0	0	0	0	0	0	0	0	0	0	0	0
k__Bacteria|p__Candidatus_Saccharibacteria|c__Candidatus_Saccharibacteria_unclassified|o__Candidatus_Saccharibacteria_unclassified|f__Candidatus_Saccharibacteria_unclassified|g__Candidatus_Saccharibacteria_unclassified|s__TM7_phylum_sp_oral_taxon_348	0	0	0	0	6.36469	0	0	0	0	0	11.75864	0	0	0	0	0	0	0	0	0	0	1.96585	0	0	0	0	0	0	0	0
k__Bacteria|p__Bacteroidetes|c__Flavobacteriia|o__Flavobacteriales|f__Flavobacteriaceae|g__Capnocytophaga|s__Capnocytophaga_ochracea	0	0	0	0	3.18568	1.19959	0	0	0	0	0	0	0	0	0	0	7.7188	0	0	0	0	0	0	0	0	0	0	0	0	0
k__Bacteria|p__Bacteroidetes|c__Flavobacteriia|o__Flavobacteriales|f__Flavobacteriaceae|g__Capnocytophaga|s__Capnocytophaga_genosp_AHN8471	0	0	0	0	2.4992400000000004	4.79868	0	0	0	0	0	0	0	0	0	0	0	0	0	0	0	0	0	0	0	0	0	0	0	0
k__Bacteria|p__Bacteroidetes|c__Bacteroidia|o__Bacteroidales|f__Prevotellaceae|g__Prevotella|s__Prevotella_conceptionensis	0	0	0	0	1.65687	8.115169999999999	0	0	0	0	0	0	0	0	0	0	0	0	0	0	0	1.46391	0	0	2.53252	0	0	0	0	0
k__Bacteria|p__Proteobacteria|c__Betaproteobacteria|o__Burkholderiales|f__Burkholderiaceae|g__Lautropia|s__Lautropia_mirabilis	0	0	0	0	1.54509	0	0	0	0	0	0	0	0	0	0	0	0	0	0	0	0	0	0	0	0	0	0	0	0	0
k__Bacteria|p__Proteobacteria|c__Betaproteobacteria|o__Neisseriales|f__Neisseriaceae|g__Neisseria|s__Neisseria_subflava	0	0	0	0	1.0875700000000001	0	0	16.82174	0	0	0	0	0	0	0	0	0	0	21.8288	15.12829	0	0	6.23021	0	0	0	0	0	0	0
k__Bacteria|p__Bacteroidetes|c__Flavobacteriia|o__Flavobacteriales|f__Flavobacteriaceae|g__Capnocytophaga|s__Capnocytophaga_SGB2480	0	0	0	0	0.92281	0	0	0	0	0	0	0	0	0	0	0	0	0	0	0	0	7.64809	0	0	0	0	0	0	0	0
k__Bacteria|p__Actinobacteria|c__Actinomycetia|o__Actinomycetales|f__Actinomycetaceae|g__Actinobaculum|s__Actinobaculum_sp_oral_taxon_183	0	0	0	0	0.47496000000000005	0	0	0	0	0	0	0	0	0	0	0	0	0	0	0	0	0	0	1.35435	0.57065	0	0	0	0	0
k__Bacteria|p__Bacteroidetes|c__Bacteroidia|o__Bacteroidales|f__Porphyromonadaceae|g__Porphyromonas|s__Porphyromonas_pasteri|t__SGB2043	0	0	0	0	8.27161	0	0.2769	0	0	0	0	0	0	0	0	0	0	0	0	16.53376	0	0.24644000000000002	0	0	0.17876	0	0	0	0	0
k__Bacteria|p__Firmicutes|c__Negativicutes|o__Selenomonadales|f__Selenomonadaceae|g__Selenomonas|s__Selenomonas_noxia|t__SGB5884	0	0	0	0	6.878489999999999	0	0	0	0	0	0	0	0	0	0	0	0	0	0	0	0	0	0	0	0	0	0	0	0	0
k__Bacteria|p__Fusobacteria|c__Fusobacteriia|o__Fusobacteriales|f__Leptotrichiaceae|g__Leptotrichia|s__Leptotrichia_sp_oral_taxon_212|t__SGB6070	0	0	0	0	6.50358	0	0	0	0	0	0	0	0	0	0	0	0	0	0	0	0	0	0	0	0	0	0	0	0	0
k__Bacteria|p__Candidatus_Saccharibacteria|c__Candidatus_Saccharibacteria_unclassified|o__Candidatus_Saccharibacteria_unclassified|f__Candidatus_Saccharibacteria_unclassified|g__Candidatus_Saccharibacteria_unclassified|s__TM7_phylum_sp_oral_taxon_348|t__SGB19880	0	0	0	0	6.36469	0	0	0	0	0	11.75864	0	0	0	0	0	0	0	0	0	0	1.96585	0	0	0	0	0	0	0	0
k__Bacteria|p__Fusobacteria|c__Fusobacteriia|o__Fusobacteriales|f__Fusobacteriaceae|g__Fusobacterium|s__Fusobacterium_nucleatum|t__SGB6014	0	0	0	0	4.33455	15.201820000000001	0	0	9.05364	0	0	0	0	2.6503099999999997	0	0	0	0	0	0	0	5.398969999999999	0	15.47388	17.27646	0	0	0	0	0
k__Bacteria|p__Bacteroidetes|c__Flavobacteriia|o__Flavobacteriales|f__Flavobacteriaceae|g__Capnocytophaga|s__Capnocytophaga_ochracea|t__SGB2497	0	0	0	0	3.18568	1.19959	0	0	0	0	0	0	0	0	0	0	7.7188	0	0	0	0	0	0	0	0	0	0	0	0	0
k__Bacteria|p__Bacteroidetes|c__Flavobacteriia|o__Flavobacteriales|f__Flavobacteriaceae|g__Capnocytophaga|s__Capnocytophaga_genosp_AHN8471|t__SGB2498	0	0	0	0	2.4992400000000004	4.79868	0	0	0	0	0	0	0	0	0	0	0	0	0	0	0	0	0	0	0	0	0	0	0	0
k__Bacteria|p__Bacteroidetes|c__Bacteroidia|o__Bacteroidales|f__Prevotellaceae|g__Prevotella|s__Prevotella_conceptionensis|t__SGB1458	0	0	0	0	1.65687	8.115169999999999	0	0	0	0	0	0	0	0	0	0	0	0	0	0	0	1.46391	0	0	2.53252	0	0	0	0	0
k__Bacteria|p__Proteobacteria|c__Betaproteobacteria|o__Burkholderiales|f__Burkholderiaceae|g__Lautropia|s__Lautropia_mirabilis|t__SGB13165	0	0	0	0	1.54509	0	0	0	0	0	0	0	0	0	0	0	0	0	0	0	0	0	0	0	0	0	0	0	0	0
k__Bacteria|p__Proteobacteria|c__Betaproteobacteria|o__Neisseriales|f__Neisseriaceae|g__Neisseria|s__Neisseria_subflava|t__SGB9450	0	0	0	0	1.0875700000000001	0	0	16.82174	0	0	0	0	0	0	0	0	0	0	21.8288	15.12829	0	0	6.23021	0	0	0	0	0	0	0
k__Bacteria|p__Bacteroidetes|c__Flavobacteriia|o__Flavobacteriales|f__Flavobacteriaceae|g__Capnocytophaga|s__Capnocytophaga_SGB2480|t__SGB2480	0	0	0	0	0.92281	0	0	0	0	0	0	0	0	0	0	0	0	0	0	0	0	7.64809	0	0	0	0	0	0	0	0
k__Bacteria|p__Actinobacteria|c__Actinomycetia|o__Actinomycetales|f__Actinomycetaceae|g__Actinobaculum|s__Actinobaculum_sp_oral_taxon_183|t__SGB15892	0	0	0	0	0.47496000000000005	0	0	0	0	0	0	0	0	0	0	0	0	0	0	0	0	0	0	1.35435	0.57065	0	0	0	0	0
k__Bacteria|p__Spirochaetes	0	0	0	0	0	5.52567	0	0	39.61128	0	0	0	0	0	0	0	0	0	0	0	0	0	0	0	0	0	0	0	0	0
k__Bacteria|p__Spirochaetes|c__Spirochaetia	0	0	0	0	0	5.52567	0	0	39.61128	0	0	0	0	0	0	0	0	0	0	0	0	0	0	0	0	0	0	0	0	0
k__Bacteria|p__Spirochaetes|c__Spirochaetia|o__Spirochaetales	0	0	0	0	0	5.52567	0	0	39.61128	0	0	0	0	0	0	0	0	0	0	0	0	0	0	0	0	0	0	0	0	0
k__Bacteria|p__Spirochaetes|c__Spirochaetia|o__Spirochaetales|f__Treponemataceae	0	0	0	0	0	5.52567	0	0	39.61128	0	0	0	0	0	0	0	0	0	0	0	0	0	0	0	0	0	0	0	0	0
k__Bacteria|p__Bacteroidetes|c__Flavobacteriia|o__Flavobacteriales|f__Weeksellaceae	0	0	0	0	0	1.9714099999999999	0	0	0	0	0	0	0	0	0	0	0	1.06724	0	0	0	0	0	11.09197	0	0	0	0	0	0
k__Bacteria|p__Bacteroidetes|c__Bacteroidia|o__Bacteroidales|f__Prevotellaceae|g__Alloprevotella	0	0	0	0	0	19.07807	0	0	0	0	0	0	0	0	0	0	0	0	0	0	0	0	0	0	0	0	0	0	0	0
k__Bacteria|p__Spirochaetes|c__Spirochaetia|o__Spirochaetales|f__Treponemataceae|g__Treponema	0	0	0	0	0	5.52567	0	0	25.90095	0	0	0	0	0	0	0	0	0	0	0	0	0	0	0	0	0	0	0	0	0
k__Bacteria|p__Bacteroidetes|c__Flavobacteriia|o__Flavobacteriales|f__Weeksellaceae|g__GGB1843	0	0	0	0	0	1.9714099999999999	0	0	0	0	0	0	0	0	0	0	0	1.06724	0	0	0	0	0	11.09197	0	0	0	0	0	0
k__Bacteria|p__Bacteroidetes|c__Bacteroidia|o__Bacteroidales|f__Prevotellaceae|g__Alloprevotella|s__Alloprevotella_SGB77721	0	0	0	0	0	19.07807	0	0	0	0	0	0	0	0	0	0	0	0	0	0	0	0	0	0	0	0	0	0	0	0
k__Bacteria|p__Bacteroidetes|c__Bacteroidia|o__Bacteroidales|f__Prevotellaceae|g__Prevotella|s__Prevotella_nigrescens	0	0	0	0	0	10.29054	0	0	0	0	0	0	0	0	0	0	0	0	0	0	0	0	0	0	0	0	0	0	0	0
k__Bacteria|p__Spirochaetes|c__Spirochaetia|o__Spirochaetales|f__Treponemataceae|g__Treponema|s__Treponema_socranskii	0	0	0	0	0	3.11083	0	0	0	0	0	0	0	0	0	0	0	0	0	0	0	0	0	0	0	0	0	0	0	0
k__Bacteria|p__Bacteroidetes|c__Bacteroidia|o__Bacteroidales|f__Prevotellaceae|g__Prevotella|s__Prevotella_SGB1459	0	0	0	0	0	2.4278299999999997	0	0	0	0	0	0	0	2.11599	0	0	0	0	0	0	0	6.794919999999999	0	0	0	0	0	0	0	0
k__Bacteria|p__Spirochaetes|c__Spirochaetia|o__Spirochaetales|f__Treponemataceae|g__Treponema|s__Treponema_vincentii	0	0	0	0	0	2.4148400000000003	0	0	0	0	0	0	0	0	0	0	0	0	0	0	0	0	0	0	0	0	0	0	0	0
k__Bacteria|p__Bacteroidetes|c__Flavobacteriia|o__Flavobacteriales|f__Weeksellaceae|g__GGB1843|s__GGB1843_SGB2516	0	0	0	0	0	1.9714099999999999	0	0	0	0	0	0	0	0	0	0	0	1.06724	0	0	0	0	0	11.09197	0	0	0	0	0	0
k__Bacteria|p__Bacteroidetes|c__Bacteroidia|o__Bacteroidales|f__Prevotellaceae|g__Prevotella|s__Prevotella_oris	0	0	0	0	0	1.2417	0	0	0	0	0	0	0	0	0	0	0	0	0	0	0	0	0	0	0	0	0	0	0	0
k__Bacteria|p__Bacteroidetes|c__Flavobacteriia|o__Flavobacteriales|f__Flavobacteriaceae|g__Capnocytophaga|s__Capnocytophaga_sp_oral_taxon_338	0	0	0	0	0	0.9285	0	0	0	0	0	0	0	0	0	0	0	0	0	0	0	0	0	0	0	0	0	0	0	0
k__Bacteria|p__Bacteroidetes|c__Bacteroidia|o__Bacteroidales|f__Prevotellaceae|g__Alloprevotella|s__Alloprevotella_SGB77721|t__SGB77721	0	0	0	0	0	19.07807	0	0	0	0	0	0	0	0	0	0	0	0	0	0	0	0	0	0	0	0	0	0	0	0
k__Bacteria|p__Fusobacteria|c__Fusobacteriia|o__Fusobacteriales|f__Fusobacteriaceae|g__Fusobacterium|s__Fusobacterium_nucleatum|t__SGB6007	0	0	0	0	0	15.33295	0	0	4.9562800000000005	0	0	0	0	1.47769	0	0	2.2180400000000002	0	0	0	0	1.7735	0	0	7.47305	0	0	0	0	0
k__Bacteria|p__Bacteroidetes|c__Bacteroidia|o__Bacteroidales|f__Prevotellaceae|g__Prevotella|s__Prevotella_nigrescens|t__SGB1561	0	0	0	0	0	10.29054	0	0	0	0	0	0	0	0	0	0	0	0	0	0	0	0	0	0	0	0	0	0	0	0
k__Bacteria|p__Fusobacteria|c__Fusobacteriia|o__Fusobacteriales|f__Fusobacteriaceae|g__Fusobacterium|s__Fusobacterium_nucleatum|t__SGB6011	0	0	0	0	0	3.9939	0	0	2.60035	0	0	0	0	0	0	0	0	0	0	0	0	0.8242799999999999	0	0	0	0	0	0	0	0
k__Bacteria|p__Spirochaetes|c__Spirochaetia|o__Spirochaetales|f__Treponemataceae|g__Treponema|s__Treponema_socranskii|t__SGB3585	0	0	0	0	0	3.11083	0	0	0	0	0	0	0	0	0	0	0	0	0	0	0	0	0	0	0	0	0	0	0	0
k__Bacteria|p__Bacteroidetes|c__Bacteroidia|o__Bacteroidales|f__Prevotellaceae|g__Prevotella|s__Prevotella_SGB1459|t__SGB1459	0	0	0	0	0	2.4278299999999997	0	0	0	0	0	0	0	2.11599	0	0	0	0	0	0	0	6.794919999999999	0	0	0	0	0	0	0	0
k__Bacteria|p__Spirochaetes|c__Spirochaetia|o__Spirochaetales|f__Treponemataceae|g__Treponema|s__Treponema_vincentii|t__SGB3607	0	0	0	0	0	2.4148400000000003	0	0	0	0	0	0	0	0	0	0	0	0	0	0	0	0	0	0	0	0	0	0	0	0
k__Bacteria|p__Bacteroidetes|c__Flavobacteriia|o__Flavobacteriales|f__Weeksellaceae|g__GGB1843|s__GGB1843_SGB2516|t__SGB2516	0	0	0	0	0	1.9714099999999999	0	0	0	0	0	0	0	0	0	0	0	1.06724	0	0	0	0	0	11.09197	0	0	0	0	0	0
k__Bacteria|p__Bacteroidetes|c__Bacteroidia|o__Bacteroidales|f__Prevotellaceae|g__Prevotella|s__Prevotella_oris|t__SGB1525	0	0	0	0	0	1.2417	0	0	0	0	0	0	0	0	0	0	0	0	0	0	0	0	0	0	0	0	0	0	0	0
k__Bacteria|p__Bacteroidetes|c__Flavobacteriia|o__Flavobacteriales|f__Flavobacteriaceae|g__Capnocytophaga|s__Capnocytophaga_sp_oral_taxon_338|t__SGB2478	0	0	0	0	0	0.9285	0	0	0	0	0	0	0	0	0	0	0	0	0	0	0	0	0	0	0	0	0	0	0	0
k__Bacteria|p__Firmicutes|c__Negativicutes|o__Veillonellales|f__Veillonellaceae|g__Veillonella|s__Veillonella_rogosae	0	0	0	0	0	0	15.6171	1.79135	0	0	0	0	0	0	0	0	0	0	0	30.57382	17.615560000000002	0	4.57549	0	0	0	0	0	0	0
k__Bacteria|p__Firmicutes|c__Bacilli|o__Lactobacillales|f__Streptococcaceae|g__Streptococcus|s__Streptococcus_infantis	0	0	0	0	0	0	13.167420000000002	0	0	0	0	0	0	0	0	0	0	0	0	5.74215	10.16146	0	0	0	0	0	0	0	0	0
k__Bacteria|p__Actinobacteria|c__Actinomycetia|o__Actinomycetales|f__Actinomycetaceae|g__Actinomyces|s__Actinomyces_sp_HMSC035G02	0	0	0	0	0	0	2.15551	0	0	0	0	0	0	0	0	0	0	0	0	0	0	0	0	0	0	0	0	0	0	0
k__Bacteria|p__Firmicutes|c__Negativicutes|o__Veillonellales|f__Veillonellaceae|g__Veillonella|s__Veillonella_rogosae|t__SGB6956	0	0	0	0	0	0	15.6171	1.79135	0	0	0	0	0	0	0	0	0	0	0	30.57382	17.615560000000002	0	4.57549	0	0	0	0	0	0	0
k__Bacteria|p__Firmicutes|c__Bacilli|o__Lactobacillales|f__Streptococcaceae|g__Streptococcus|s__Streptococcus_infantis|t__SGB8095	0	0	0	0	0	0	13.167420000000002	0	0	0	0	0	0	0	0	0	0	0	0	5.74215	10.16146	0	0	0	0	0	0	0	0	0
k__Bacteria|p__Actinobacteria|c__Actinomycetia|o__Actinomycetales|f__Actinomycetaceae|g__Actinomyces|s__Actinomyces_sp_HMSC035G02|t__SGB17158_group	0	0	0	0	0	0	2.15551	0	0	0	0	0	0	0	0	0	0	0	0	0	0	0	0	0	0	0	0	0	0	0
k__Bacteria|p__Candidatus_Absconditabacteria	0	0	0	0	0	0	0	8.4801	0	0	0	0	0	0	0	0	0	4.68551	0	0	0	0	0	0	0	0	0	0	0	0
k__Bacteria|p__Candidatus_Absconditabacteria|c__Candidatus_Absconditabacteria_unclassified	0	0	0	0	0	0	0	8.4801	0	0	0	0	0	0	0	0	0	4.68551	0	0	0	0	0	0	0	0	0	0	0	0
k__Bacteria|p__Firmicutes|c__Clostridia	0	0	0	0	0	0	0	5.31548	0	0	0	8.47189	0	1.35487	0	0	0	0	0	0	0	0	0	0	0	0	0	0	0	0
k__Bacteria|p__Proteobacteria|c__Epsilonproteobacteria	0	0	0	0	0	0	0	3.05544	0	8.733319999999999	0	1.07561	0	0	0	0	0	0	3.62989	0	0	7.344360000000001	0	0	0	0	0	0	0	0
k__Bacteria|p__Candidatus_Absconditabacteria|c__Candidatus_Absconditabacteria_unclassified|o__Candidatus_Absconditabacteria_unclassified	0	0	0	0	0	0	0	8.4801	0	0	0	0	0	0	0	0	0	4.68551	0	0	0	0	0	0	0	0	0	0	0	0
k__Bacteria|p__Firmicutes|c__Clostridia|o__Eubacteriales	0	0	0	0	0	0	0	5.31548	0	0	0	8.47189	0	1.35487	0	0	0	0	0	0	0	0	0	0	0	0	0	0	0	0
k__Bacteria|p__Proteobacteria|c__Epsilonproteobacteria|o__Campylobacterales	0	0	0	0	0	0	0	3.05544	0	8.733319999999999	0	1.07561	0	0	0	0	0	0	3.62989	0	0	7.344360000000001	0	0	0	0	0	0	0	0
k__Bacteria|p__Candidatus_Absconditabacteria|c__Candidatus_Absconditabacteria_unclassified|o__Candidatus_Absconditabacteria_unclassified|f__Candidatus_Absconditabacteria_unclassified	0	0	0	0	0	0	0	8.4801	0	0	0	0	0	0	0	0	0	4.68551	0	0	0	0	0	0	0	0	0	0	0	0
k__Bacteria|p__Firmicutes|c__Clostridia|o__Eubacteriales|f__Lachnospiraceae	0	0	0	0	0	0	0	5.31548	0	0	0	8.47189	0	0	0	0	0	0	0	0	0	0	0	0	0	0	0	0	0	0
k__Bacteria|p__Proteobacteria|c__Epsilonproteobacteria|o__Campylobacterales|f__Campylobacteraceae	0	0	0	0	0	0	0	3.05544	0	8.733319999999999	0	1.07561	0	0	0	0	0	0	3.62989	0	0	7.344360000000001	0	0	0	0	0	0	0	0
k__Bacteria|p__Candidatus_Absconditabacteria|c__Candidatus_Absconditabacteria_unclassified|o__Candidatus_Absconditabacteria_unclassified|f__Candidatus_Absconditabacteria_unclassified|g__GGB4936	0	0	0	0	0	0	0	8.4801	0	0	0	0	0	0	0	0	0	0	0	0	0	0	0	0	0	0	0	0	0	0
k__Bacteria|p__Firmicutes|c__Clostridia|o__Eubacteriales|f__Lachnospiraceae|g__Lachnospiraceae_unclassified	0	0	0	0	0	0	0	5.31548	0	0	0	8.47189	0	0	0	0	0	0	0	0	0	0	0	0	0	0	0	0	0	0
k__Bacteria|p__Proteobacteria|c__Epsilonproteobacteria|o__Campylobacterales|f__Campylobacteraceae|g__Campylobacter	0	0	0	0	0	0	0	3.05544	0	8.733319999999999	0	1.07561	0	0	0	0	0	0	3.62989	0	0	7.344360000000001	0	0	0	0	0	0	0	0
k__Bacteria|p__Candidatus_Saccharibacteria|c__Candidatus_Saccharibacteria_unclassified|o__Candidatus_Saccharibacteria_unclassified|f__Candidatus_Saccharibacteria_unclassified|g__Candidatus_Saccharibacteria_unclassified|s__TM7_phylum_sp_oral_taxon_352	0	0	0	0	0	0	0	10.63973	0	15.728	0	6.35295	0	0	0	0	0	0	0	0	0	0	18.51825	0	0	0	0	0	0	0
k__Bacteria|p__Bacteroidetes|c__Bacteroidia|o__Bacteroidales|f__Prevotellaceae|g__Prevotella|s__Prevotella_pallens	0	0	0	0	0	0	0	9.77053	0	0	0	0.37016	0	0	0	0	0	0	0.10618	0	0	0	1.69242	0	0	0	0	0	0	0
k__Bacteria|p__Candidatus_Absconditabacteria|c__Candidatus_Absconditabacteria_unclassified|o__Candidatus_Absconditabacteria_unclassified|f__Candidatus_Absconditabacteria_unclassified|g__GGB4936|s__GGB4936_SGB6889	0	0	0	0	0	0	0	8.4801	0	0	0	0	0	0	0	0	0	0	0	0	0	0	0	0	0	0	0	0	0	0
k__Bacteria|p__Firmicutes|c__Clostridia|o__Eubacteriales|f__Lachnospiraceae|g__Lachnospiraceae_unclassified|s__Lachnospiraceae_bacterium_oral_taxon_096	0	0	0	0	0	0	0	5.31548	0	0	0	8.47189	0	0	0	0	0	0	0	0	0	0	0	0	0	0	0	0	0	0
k__Bacteria|p__Bacteroidetes|c__Bacteroidia|o__Bacteroidales|f__Prevotellaceae|g__Prevotella|s__Prevotella_jejuni	0	0	0	0	0	0	0	5.315	0	6.89395	0	0	0	0	0	0	0	0	0	0	0	0	0	0	0	0	0	0	0	0
k__Bacteria|p__Bacteroidetes|c__Bacteroidia|o__Bacteroidales|f__Prevotellaceae|g__Prevotella|s__Prevotella_nanceiensis	0	0	0	0	0	0	0	4.83371	0	0	0	0	0	0	0	0	0	0	0	7.81847	0	0	0	0	0	0	0	0	0	0
k__Bacteria|p__Fusobacteria|c__Fusobacteriia|o__Fusobacteriales|f__Leptotrichiaceae|g__Leptotrichia|s__Leptotrichia_sp_oral_taxon_221	0	0	0	0	0	0	0	3.87782	0	0	0	1.99485	0	0	0	0	0	0	0	0	0	0	0	0	0	0	0	0	0	0
k__Bacteria|p__Fusobacteria|c__Fusobacteriia|o__Fusobacteriales|f__Fusobacteriaceae|g__Fusobacterium|s__Fusobacterium_pseudoperiodonticum	0	0	0	0	0	0	0	3.35368	0	0	0	0	0	0	0	0	0	0	3.76318	4.44939	0	0	6.43578	0	0	0	0	0	0	0
k__Bacteria|p__Proteobacteria|c__Epsilonproteobacteria|o__Campylobacterales|f__Campylobacteraceae|g__Campylobacter|s__Campylobacter_concisus	0	0	0	0	0	0	0	3.05544	0	8.733319999999999	0	1.07561	0	0	0	0	0	0	3.62989	0	0	0	0	0	0	0	0	0	0	0
k__Bacteria|p__Fusobacteria|c__Fusobacteriia|o__Fusobacteriales|f__Leptotrichiaceae|g__Leptotrichia|s__Leptotrichia_wadei	0	0	0	0	0	0	0	2.22832	0	5.61439	0	4.49097	0	0	0	0	0	0	6.28425	0	0	0	4.121569999999999	0	0	0	0	0	0	0
k__Bacteria|p__Firmicutes|c__Bacilli|o__Lactobacillales|f__Streptococcaceae|g__Streptococcus|s__Streptococcus_mitis	0	0	0	0	0	0	0	1.75784	0	0	0	0	0	0	2.4315599999999997	0	0	0	0	0	0	0	0	0	0	0	0	0	0	0
k__Bacteria|p__Candidatus_Saccharibacteria|c__Candidatus_Saccharibacteria_unclassified|o__Candidatus_Saccharibacteria_unclassified|f__Candidatus_Saccharibacteria_unclassified|g__Candidatus_Saccharibacteria_unclassified|s__TM7_phylum_sp_oral_taxon_352|t__SGB19860_group	0	0	0	0	0	0	0	10.63973	0	15.728	0	6.35295	0	0	0	0	0	0	0	0	0	0	18.51825	0	0	0	0	0	0	0
k__Bacteria|p__Bacteroidetes|c__Bacteroidia|o__Bacteroidales|f__Prevotellaceae|g__Prevotella|s__Prevotella_pallens|t__SGB1564	0	0	0	0	0	0	0	9.77053	0	0	0	0.37016	0	0	0	0	0	0	0.10618	0	0	0	1.69242	0	0	0	0	0	0	0
k__Bacteria|p__Candidatus_Absconditabacteria|c__Candidatus_Absconditabacteria_unclassified|o__Candidatus_Absconditabacteria_unclassified|f__Candidatus_Absconditabacteria_unclassified|g__GGB4936|s__GGB4936_SGB6889|t__SGB6889	0	0	0	0	0	0	0	8.4801	0	0	0	0	0	0	0	0	0	0	0	0	0	0	0	0	0	0	0	0	0	0
k__Bacteria|p__Firmicutes|c__Clostridia|o__Eubacteriales|f__Lachnospiraceae|g__Lachnospiraceae_unclassified|s__Lachnospiraceae_bacterium_oral_taxon_096|t__SGB4479	0	0	0	0	0	0	0	5.31548	0	0	0	8.47189	0	0	0	0	0	0	0	0	0	0	0	0	0	0	0	0	0	0
k__Bacteria|p__Bacteroidetes|c__Bacteroidia|o__Bacteroidales|f__Prevotellaceae|g__Prevotella|s__Prevotella_jejuni|t__SGB1545	0	0	0	0	0	0	0	5.315	0	6.89395	0	0	0	0	0	0	0	0	0	0	0	0	0	0	0	0	0	0	0	0
k__Bacteria|p__Bacteroidetes|c__Bacteroidia|o__Bacteroidales|f__Prevotellaceae|g__Prevotella|s__Prevotella_nanceiensis|t__SGB1536_group	0	0	0	0	0	0	0	4.83371	0	0	0	0	0	0	0	0	0	0	0	7.81847	0	0	0	0	0	0	0	0	0	0
k__Bacteria|p__Fusobacteria|c__Fusobacteriia|o__Fusobacteriales|f__Leptotrichiaceae|g__Leptotrichia|s__Leptotrichia_sp_oral_taxon_221|t__SGB6050	0	0	0	0	0	0	0	3.87782	0	0	0	1.99485	0	0	0	0	0	0	0	0	0	0	0	0	0	0	0	0	0	0
k__Bacteria|p__Fusobacteria|c__Fusobacteriia|o__Fusobacteriales|f__Fusobacteriaceae|g__Fusobacterium|s__Fusobacterium_pseudoperiodonticum|t__SGB5989_group	0	0	0	0	0	0	0	3.35368	0	0	0	0	0	0	0	0	0	0	3.76318	4.44939	0	0	6.43578	0	0	0	0	0	0	0
k__Bacteria|p__Proteobacteria|c__Epsilonproteobacteria|o__Campylobacterales|f__Campylobacteraceae|g__Campylobacter|s__Campylobacter_concisus|t__SGB19351_group	0	0	0	0	0	0	0	3.05544	0	8.733319999999999	0	1.07561	0	0	0	0	0	0	3.62989	0	0	0	0	0	0	0	0	0	0	0
k__Bacteria|p__Fusobacteria|c__Fusobacteriia|o__Fusobacteriales|f__Leptotrichiaceae|g__Leptotrichia|s__Leptotrichia_wadei|t__SGB6055	0	0	0	0	0	0	0	2.22832	0	5.61439	0	4.49097	0	0	0	0	0	0	6.28425	0	0	0	4.121569999999999	0	0	0	0	0	0	0
k__Bacteria|p__Firmicutes|c__Bacilli|o__Lactobacillales|f__Streptococcaceae|g__Streptococcus|s__Streptococcus_mitis|t__SGB8091	0	0	0	0	0	0	0	1.75784	0	0	0	0	0	0	0	0	0	0	0	0	0	0	0	0	0	0	0	0	0	0
k__Bacteria|p__Bacteroidetes|c__CFGB496	0	0	0	0	0	0	0	0	8.56857	0	0	0	0	0	0	0	0	0	0	0	0	0	0	0	2.9489900000000002	0	0	0	0	0
k__Bacteria|p__Bacteroidetes|c__Bacteroidetes_unclassified	0	0	0	0	0	0	0	0	7.67437	0	0	0	0	0	0	0	0	0	0	0	0	0	0	0	0	0	0	0	0	0
k__Bacteria|p__Bacteroidetes|c__CFGB496|o__OFGB496	0	0	0	0	0	0	0	0	8.56857	0	0	0	0	0	0	0	0	0	0	0	0	0	0	0	2.9489900000000002	0	0	0	0	0
k__Bacteria|p__Bacteroidetes|c__Bacteroidetes_unclassified|o__Bacteroidetes_unclassified	0	0	0	0	0	0	0	0	7.67437	0	0	0	0	0	0	0	0	0	0	0	0	0	0	0	0	0	0	0	0	0
k__Bacteria|p__Bacteroidetes|c__CFGB496|o__OFGB496|f__FGB496	0	0	0	0	0	0	0	0	8.56857	0	0	0	0	0	0	0	0	0	0	0	0	0	0	0	2.9489900000000002	0	0	0	0	0
k__Bacteria|p__Bacteroidetes|c__Bacteroidetes_unclassified|o__Bacteroidetes_unclassified|f__Bacteroidetes_unclassified	0	0	0	0	0	0	0	0	7.67437	0	0	0	0	0	0	0	0	0	0	0	0	0	0	0	0	0	0	0	0	0
k__Bacteria|p__Bacteroidetes|c__CFGB496|o__OFGB496|f__FGB496|g__GGB1025	0	0	0	0	0	0	0	0	8.56857	0	0	0	0	0	0	0	0	0	0	0	0	0	0	0	2.9489900000000002	0	0	0	0	0
k__Bacteria|p__Bacteroidetes|c__Bacteroidetes_unclassified|o__Bacteroidetes_unclassified|f__Bacteroidetes_unclassified|g__Bacteroidetes_unclassified	0	0	0	0	0	0	0	0	7.67437	0	0	0	0	0	0	0	0	0	0	0	0	0	0	0	0	0	0	0	0	0
k__Bacteria|p__Spirochaetes|c__Spirochaetia|o__Spirochaetales|f__Treponemataceae|g__GGB73508	0	0	0	0	0	0	0	0	5.7015400000000005	0	0	0	0	0	0	0	0	0	0	0	0	0	0	0	0	0	0	0	0	0
k__Bacteria|p__Spirochaetes|c__Spirochaetia|o__Spirochaetales|f__Treponemataceae|g__GGB71076	0	0	0	0	0	0	0	0	5.1913800000000005	0	0	0	0	0	0	0	0	0	0	0	0	0	0	0	0	0	0	0	0	0
k__Bacteria|p__Spirochaetes|c__Spirochaetia|o__Spirochaetales|f__Treponemataceae|g__GGB2676	0	0	0	0	0	0	0	0	2.8174	0	0	0	0	0	0	0	0	0	0	0	0	0	0	0	0	0	0	0	0	0
k__Bacteria|p__Spirochaetes|c__Spirochaetia|o__Spirochaetales|f__Treponemataceae|g__Treponema|s__Treponema_SGB3604	0	0	0	0	0	0	0	0	12.3145	0	0	0	0	0	0	0	0	0	0	0	0	0	0	0	0	0	0	0	0	0
k__Bacteria|p__Spirochaetes|c__Spirochaetia|o__Spirochaetales|f__Treponemataceae|g__Treponema|s__Treponema_SGB69454	0	0	0	0	0	0	0	0	9.4965	0	0	0	0	0	0	0	0	0	0	0	0	0	0	0	0	0	0	0	0	0
k__Bacteria|p__Bacteroidetes|c__CFGB496|o__OFGB496|f__FGB496|g__GGB1025|s__GGB1025_SGB1319	0	0	0	0	0	0	0	0	8.56857	0	0	0	0	0	0	0	0	0	0	0	0	0	0	0	2.9489900000000002	0	0	0	0	0
k__Bacteria|p__Bacteroidetes|c__Bacteroidetes_unclassified|o__Bacteroidetes_unclassified|f__Bacteroidetes_unclassified|g__Bacteroidetes_unclassified|s__Bacteroidetes_oral_taxon_274	0	0	0	0	0	0	0	0	7.67437	0	0	0	0	0	0	0	0	0	0	0	0	0	0	0	0	0	0	0	0	0
k__Bacteria|p__Bacteroidetes|c__Bacteroidia|o__Bacteroidales|f__Prevotellaceae|g__Prevotella|s__Prevotella_intermedia	0	0	0	0	0	0	0	0	6.44642	0	0	0	0	0	0	0	0	0	0	0	0	0	0	0	0	0	0	0	0	0
k__Bacteria|p__Spirochaetes|c__Spirochaetia|o__Spirochaetales|f__Treponemataceae|g__GGB73508|s__GGB73508_SGB3593	0	0	0	0	0	0	0	0	5.7015400000000005	0	0	0	0	0	0	0	0	0	0	0	0	0	0	0	0	0	0	0	0	0
k__Bacteria|p__Spirochaetes|c__Spirochaetia|o__Spirochaetales|f__Treponemataceae|g__GGB71076|s__GGB71076_SGB96710	0	0	0	0	0	0	0	0	5.1913800000000005	0	0	0	0	0	0	0	0	0	0	0	0	0	0	0	0	0	0	0	0	0
k__Bacteria|p__Spirochaetes|c__Spirochaetia|o__Spirochaetales|f__Treponemataceae|g__Treponema|s__Treponema_lecithinolyticum	0	0	0	0	0	0	0	0	4.08995	0	0	0	0	0	0	0	0	0	0	0	0	0	0	0	0	0	0	0	0	0
k__Bacteria|p__Spirochaetes|c__Spirochaetia|o__Spirochaetales|f__Treponemataceae|g__GGB2676|s__GGB2676_SGB3611	0	0	0	0	0	0	0	0	2.8174	0	0	0	0	0	0	0	0	0	0	0	0	0	0	0	0	0	0	0	0	0
k__Bacteria|p__Spirochaetes|c__Spirochaetia|o__Spirochaetales|f__Treponemataceae|g__Treponema|s__Treponema_SGB3604|t__SGB3604	0	0	0	0	0	0	0	0	12.3145	0	0	0	0	0	0	0	0	0	0	0	0	0	0	0	0	0	0	0	0	0
k__Bacteria|p__Spirochaetes|c__Spirochaetia|o__Spirochaetales|f__Treponemataceae|g__Treponema|s__Treponema_SGB69454|t__SGB69454	0	0	0	0	0	0	0	0	9.4965	0	0	0	0	0	0	0	0	0	0	0	0	0	0	0	0	0	0	0	0	0
k__Bacteria|p__Bacteroidetes|c__CFGB496|o__OFGB496|f__FGB496|g__GGB1025|s__GGB1025_SGB1319|t__SGB1319	0	0	0	0	0	0	0	0	8.56857	0	0	0	0	0	0	0	0	0	0	0	0	0	0	0	2.9489900000000002	0	0	0	0	0
k__Bacteria|p__Bacteroidetes|c__Bacteroidetes_unclassified|o__Bacteroidetes_unclassified|f__Bacteroidetes_unclassified|g__Bacteroidetes_unclassified|s__Bacteroidetes_oral_taxon_274|t__SGB1341	0	0	0	0	0	0	0	0	7.67437	0	0	0	0	0	0	0	0	0	0	0	0	0	0	0	0	0	0	0	0	0
k__Bacteria|p__Fusobacteria|c__Fusobacteriia|o__Fusobacteriales|f__Fusobacteriaceae|g__Fusobacterium|s__Fusobacterium_nucleatum|t__SGB6013	0	0	0	0	0	0	0	0	7.111860000000001	0	0	0	0	0	0	0	0	0	0	0	0	0	0	0	0	0	0	0	0	0
k__Bacteria|p__Bacteroidetes|c__Bacteroidia|o__Bacteroidales|f__Prevotellaceae|g__Prevotella|s__Prevotella_intermedia|t__SGB1560	0	0	0	0	0	0	0	0	6.44642	0	0	0	0	0	0	0	0	0	0	0	0	0	0	0	0	0	0	0	0	0
k__Bacteria|p__Spirochaetes|c__Spirochaetia|o__Spirochaetales|f__Treponemataceae|g__GGB73508|s__GGB73508_SGB3593|t__SGB3593	0	0	0	0	0	0	0	0	5.7015400000000005	0	0	0	0	0	0	0	0	0	0	0	0	0	0	0	0	0	0	0	0	0
k__Bacteria|p__Spirochaetes|c__Spirochaetia|o__Spirochaetales|f__Treponemataceae|g__GGB71076|s__GGB71076_SGB96710|t__SGB96710	0	0	0	0	0	0	0	0	5.1913800000000005	0	0	0	0	0	0	0	0	0	0	0	0	0	0	0	0	0	0	0	0	0
k__Bacteria|p__Spirochaetes|c__Spirochaetia|o__Spirochaetales|f__Treponemataceae|g__Treponema|s__Treponema_lecithinolyticum|t__SGB3587	0	0	0	0	0	0	0	0	4.08995	0	0	0	0	0	0	0	0	0	0	0	0	0	0	0	0	0	0	0	0	0
k__Bacteria|p__Spirochaetes|c__Spirochaetia|o__Spirochaetales|f__Treponemataceae|g__GGB2676|s__GGB2676_SGB3611|t__SGB3611	0	0	0	0	0	0	0	0	2.8174	0	0	0	0	0	0	0	0	0	0	0	0	0	0	0	0	0	0	0	0	0
k__Bacteria|p__Firmicutes|c__Erysipelotrichia	0	0	0	0	0	0	0	0	0	0.50848	0	0.60101	0	0	0	0	0	0	0	0	0	0	0	0	0	0	0	0	0	0
k__Bacteria|p__Firmicutes|c__Erysipelotrichia|o__Erysipelotrichales	0	0	0	0	0	0	0	0	0	0.50848	0	0.60101	0	0	0	0	0	0	0	0	0	0	0	0	0	0	0	0	0	0
k__Bacteria|p__Firmicutes|c__Erysipelotrichia|o__Erysipelotrichales|f__Erysipelotrichaceae	0	0	0	0	0	0	0	0	0	0.50848	0	0.60101	0	0	0	0	0	0	0	0	0	0	0	0	0	0	0	0	0	0
k__Bacteria|p__Firmicutes|c__Erysipelotrichia|o__Erysipelotrichales|f__Erysipelotrichaceae|g__Solobacterium	0	0	0	0	0	0	0	0	0	0.50848	0	0.60101	0	0	0	0	0	0	0	0	0	0	0	0	0	0	0	0	0	0
k__Bacteria|p__Bacteroidetes|c__Bacteroidia|o__Bacteroidales|f__Prevotellaceae|g__Prevotella|s__Prevotella_histicola	0	0	0	0	0	0	0	0	0	2.35977	0	18.069129999999998	0	0	0	0	0	0	2.0253799999999997	0	0	0	0	0	0	0	0	0	0	0
k__Bacteria|p__Actinobacteria|c__Actinomycetia|o__Actinomycetales|f__Actinomycetaceae|g__Actinomyces|s__Actinomyces_sp_ICM58	0	0	0	0	0	0	0	0	0	1.9607	0	0	0	0	0	0	0	0	0	0	0	0	0	0	0	0	0	0	0	0
k__Bacteria|p__Firmicutes|c__Erysipelotrichia|o__Erysipelotrichales|f__Erysipelotrichaceae|g__Solobacterium|s__Solobacterium_SGB6829	0	0	0	0	0	0	0	0	0	0.50848	0	0.60101	0	0	0	0	0	0	0	0	0	0	0	0	0	0	0	0	0	0
k__Bacteria|p__Bacteroidetes|c__Bacteroidia|o__Bacteroidales|f__Prevotellaceae|g__Prevotella|s__Prevotella_histicola|t__SGB1543	0	0	0	0	0	0	0	0	0	2.35977	0	18.069129999999998	0	0	0	0	0	0	2.0253799999999997	0	0	0	0	0	0	0	0	0	0	0
k__Bacteria|p__Actinobacteria|c__Actinomycetia|o__Actinomycetales|f__Actinomycetaceae|g__Actinomyces|s__Actinomyces_sp_ICM58|t__SGB17169	0	0	0	0	0	0	0	0	0	1.9607	0	0	0	0	0	0	0	0	0	0	0	0	0	0	0	0	0	0	0	0
k__Bacteria|p__Firmicutes|c__Erysipelotrichia|o__Erysipelotrichales|f__Erysipelotrichaceae|g__Solobacterium|s__Solobacterium_SGB6829|t__SGB6829	0	0	0	0	0	0	0	0	0	0.50848	0	0.60101	0	0	0	0	0	0	0	0	0	0	0	0	0	0	0	0	0	0
k__Bacteria|p__Bacteroidetes|c__Flavobacteriia|o__Flavobacteriales|f__Flavobacteriaceae|g__Capnocytophaga|s__Capnocytophaga_granulosa	0	0	0	0	0	0	0	0	0	0	4.45275	0	0	0	0	0	0	0	0	0	0	31.3181	0	0	0	0	0	0	0	0
k__Bacteria|p__Bacteroidetes|c__Flavobacteriia|o__Flavobacteriales|f__Flavobacteriaceae|g__Capnocytophaga|s__Capnocytophaga_granulosa|t__SGB2483	0	0	0	0	0	0	0	0	0	0	4.45275	0	0	0	0	0	0	0	0	0	0	31.3181	0	0	0	0	0	0	0	0
k__Bacteria|p__Actinobacteria|c__Coriobacteriia	0	0	0	0	0	0	0	0	0	0	0	3.7749599999999996	0	0	0	2.0270599999999996	0	0	0	0	0	0	6.35145	0	0	0	0	0	0	0
k__Bacteria|p__Firmicutes|c__CFGB1872	0	0	0	0	0	0	0	0	0	0	0	2.18892	0	0	0	0	0	0	0	0	0	0	0	0	0	0	0	0	0	0
k__Bacteria|p__Actinobacteria|c__Coriobacteriia|o__Coriobacteriales	0	0	0	0	0	0	0	0	0	0	0	3.7749599999999996	0	0	0	2.0270599999999996	0	0	0	0	0	0	6.35145	0	0	0	0	0	0	0
k__Bacteria|p__Firmicutes|c__CFGB1872|o__OFGB1872	0	0	0	0	0	0	0	0	0	0	0	2.18892	0	0	0	0	0	0	0	0	0	0	0	0	0	0	0	0	0	0
k__Bacteria|p__Actinobacteria|c__Coriobacteriia|o__Coriobacteriales|f__Atopobiaceae	0	0	0	0	0	0	0	0	0	0	0	3.7749599999999996	0	0	0	2.0270599999999996	0	0	0	0	0	0	6.35145	0	0	0	0	0	0	0
k__Bacteria|p__Firmicutes|c__CFGB1872|o__OFGB1872|f__FGB1872	0	0	0	0	0	0	0	0	0	0	0	2.18892	0	0	0	0	0	0	0	0	0	0	0	0	0	0	0	0	0	0
k__Bacteria|p__Actinobacteria|c__Coriobacteriia|o__Coriobacteriales|f__Atopobiaceae|g__Lancefieldella	0	0	0	0	0	0	0	0	0	0	0	3.7749599999999996	0	0	0	2.0270599999999996	0	0	0	0	0	0	6.35145	0	0	0	0	0	0	0
k__Bacteria|p__Firmicutes|c__Negativicutes|o__Veillonellales|f__Veillonellaceae|g__Megasphaera	0	0	0	0	0	0	0	0	0	0	0	2.5951400000000002	0	0	0	0	0	0	0	0	0	0	0	0	0	0	0	0	0	0
k__Bacteria|p__Firmicutes|c__CFGB1872|o__OFGB1872|f__FGB1872|g__GGB4964	0	0	0	0	0	0	0	0	0	0	0	2.18892	0	0	0	0	0	0	0	0	0	0	0	0	0	0	0	0	0	0
k__Bacteria|p__Actinobacteria|c__Coriobacteriia|o__Coriobacteriales|f__Atopobiaceae|g__Lancefieldella|s__Lancefieldella_parvula	0	0	0	0	0	0	0	0	0	0	0	3.7749599999999996	0	0	0	2.0270599999999996	0	0	0	0	0	0	6.35145	0	0	0	0	0	0	0
k__Bacteria|p__Firmicutes|c__Negativicutes|o__Veillonellales|f__Veillonellaceae|g__Megasphaera|s__Megasphaera_micronuciformis	0	0	0	0	0	0	0	0	0	0	0	2.5951400000000002	0	0	0	0	0	0	0	0	0	0	0	0	0	0	0	0	0	0
k__Bacteria|p__Firmicutes|c__CFGB1872|o__OFGB1872|f__FGB1872|g__GGB4964|s__GGB4964_SGB6927	0	0	0	0	0	0	0	0	0	0	0	2.18892	0	0	0	0	0	0	0	0	0	0	0	0	0	0	0	0	0	0
k__Bacteria|p__Actinobacteria|c__Coriobacteriia|o__Coriobacteriales|f__Atopobiaceae|g__Lancefieldella|s__Lancefieldella_parvula|t__SGB966	0	0	0	0	0	0	0	0	0	0	0	3.7749599999999996	0	0	0	2.0270599999999996	0	0	0	0	0	0	6.35145	0	0	0	0	0	0	0
k__Bacteria|p__Firmicutes|c__Negativicutes|o__Veillonellales|f__Veillonellaceae|g__Megasphaera|s__Megasphaera_micronuciformis|t__SGB5868	0	0	0	0	0	0	0	0	0	0	0	2.5951400000000002	0	0	0	0	0	0	0	0	0	0	0	0	0	0	0	0	0	0
k__Bacteria|p__Firmicutes|c__CFGB1872|o__OFGB1872|f__FGB1872|g__GGB4964|s__GGB4964_SGB6927|t__SGB6927_group	0	0	0	0	0	0	0	0	0	0	0	2.18892	0	0	0	0	0	0	0	0	0	0	0	0	0	0	0	0	0	0
k__Bacteria|p__Actinobacteria|c__Actinomycetia|o__Propionibacteriales	0	0	0	0	0	0	0	0	0	0	0	0	11.905660000000001	0	0	0	0	0	0	0	0	0	0	38.13371	0	0	0	0	0	0
k__Bacteria|p__Actinobacteria|c__Actinomycetia|o__Propionibacteriales|f__Propionibacteriaceae	0	0	0	0	0	0	0	0	0	0	0	0	11.905660000000001	0	0	0	0	0	0	0	0	0	0	38.13371	0	0	0	0	0	0
k__Bacteria|p__Actinobacteria|c__Actinomycetia|o__Propionibacteriales|f__Propionibacteriaceae|g__Arachnia	0	0	0	0	0	0	0	0	0	0	0	0	11.905660000000001	0	0	0	0	0	0	0	0	0	0	38.13371	0	0	0	0	0	0
k__Bacteria|p__Actinobacteria|c__Actinomycetia|o__Propionibacteriales|f__Propionibacteriaceae|g__Arachnia|s__Arachnia_rubra	0	0	0	0	0	0	0	0	0	0	0	0	11.905660000000001	0	0	0	0	0	0	0	0	0	0	0	0	0	0	0	0	0
k__Bacteria|p__Proteobacteria|c__Betaproteobacteria|o__Burkholderiales|f__Burkholderiaceae|g__Lautropia|s__Lautropia_dentalis	0	0	0	0	0	0	0	0	0	0	0	0	5.8945300000000005	0	0	0	0	0	0	0	0	0	0	0	0	0	0	0	0	0
k__Bacteria|p__Actinobacteria|c__Actinomycetia|o__Actinomycetales|f__Actinomycetaceae|g__Actinomyces|s__Actinomyces_johnsonii	0	0	0	0	0	0	0	0	0	0	0	0	0.49495	0	0	0	0	0	0	0	0	0	0	0	0	0	0	0	0	0
k__Bacteria|p__Actinobacteria|c__Actinomycetia|o__Propionibacteriales|f__Propionibacteriaceae|g__Arachnia|s__Arachnia_rubra|t__SGB15896	0	0	0	0	0	0	0	0	0	0	0	0	11.905660000000001	0	0	0	0	0	0	0	0	0	0	0	0	0	0	0	0	0
k__Bacteria|p__Proteobacteria|c__Betaproteobacteria|o__Burkholderiales|f__Burkholderiaceae|g__Lautropia|s__Lautropia_dentalis|t__SGB13164	0	0	0	0	0	0	0	0	0	0	0	0	5.8945300000000005	0	0	0	0	0	0	0	0	0	0	0	0	0	0	0	0	0
k__Bacteria|p__Actinobacteria|c__Actinomycetia|o__Actinomycetales|f__Actinomycetaceae|g__Actinomyces|s__Actinomyces_johnsonii|t__SGB15887	0	0	0	0	0	0	0	0	0	0	0	0	0.49495	0	0	0	0	0	0	0	0	0	0	0	0	0	0	0	0	0
k__Bacteria|p__Candidatus_Saccharibacteria|c__Candidatus_Saccharimonia	0	0	0	0	0	0	0	0	0	0	0	0	0	4.13106	0	0	0	0	0	0	0	0	0	0	0	0	0	0	0	0
k__Bacteria|p__Candidatus_Saccharibacteria|c__Candidatus_Saccharimonia|o__Candidatus_Saccharimonales	0	0	0	0	0	0	0	0	0	0	0	0	0	4.13106	0	0	0	0	0	0	0	0	0	0	0	0	0	0	0	0
k__Bacteria|p__Candidatus_Saccharibacteria|c__Candidatus_Saccharimonia|o__Candidatus_Saccharimonales|f__Candidatus_Sacchiramonaceae	0	0	0	0	0	0	0	0	0	0	0	0	0	4.13106	0	0	0	0	0	0	0	0	0	0	0	0	0	0	0	0
k__Bacteria|p__Candidatus_Saccharibacteria|c__Candidatus_Saccharimonia|o__Candidatus_Saccharimonales|f__Candidatus_Sacchiramonaceae|g__Candidatus_Nanosynsacchari	0	0	0	0	0	0	0	0	0	0	0	0	0	4.13106	0	0	0	0	0	0	0	0	0	0	0	0	0	0	0	0
k__Bacteria|p__Firmicutes|c__Clostridia|o__Eubacteriales|f__Peptostreptococcaceae|g__Peptostreptococcaceae_unclassified	0	0	0	0	0	0	0	0	0	0	0	0	0	1.35487	0	0	0	0	0	0	0	0	0	0	0	0	0	0	0	0
k__Bacteria|p__Bacteroidetes|c__Bacteroidia|o__Bacteroidales|f__Prevotellaceae|g__Prevotella|s__Prevotella_loescheii	0	0	0	0	0	0	0	0	0	0	0	0	0	14.131210000000001	0	0	0	0	0	0	0	0	0	2.72752	0	0	0	0	0	0
k__Bacteria|p__Candidatus_Saccharibacteria|c__Candidatus_Saccharimonia|o__Candidatus_Saccharimonales|f__Candidatus_Sacchiramonaceae|g__Candidatus_Nanosynsacchari|s__Candidatus_Nanosynsacchari_sp_TM7_ANC_38_39_G1_1	0	0	0	0	0	0	0	0	0	0	0	0	0	4.13106	0	0	0	0	0	0	0	0	0	0	0	0	0	0	0	0
k__Bacteria|p__Firmicutes|c__Clostridia|o__Eubacteriales|f__Peptostreptococcaceae|g__Peptostreptococcaceae_unclassified|s__Peptostreptococcaceae_unclassified_SGB6622	0	0	0	0	0	0	0	0	0	0	0	0	0	1.35487	0	0	0	0	0	0	0	0	0	0	0	0	0	0	0	0
k__Bacteria|p__Bacteroidetes|c__Bacteroidia|o__Bacteroidales|f__Prevotellaceae|g__Prevotella|s__Prevotella_loescheii|t__SGB1457	0	0	0	0	0	0	0	0	0	0	0	0	0	14.131210000000001	0	0	0	0	0	0	0	0	0	2.72752	0	0	0	0	0	0
k__Bacteria|p__Candidatus_Saccharibacteria|c__Candidatus_Saccharimonia|o__Candidatus_Saccharimonales|f__Candidatus_Sacchiramonaceae|g__Candidatus_Nanosynsacchari|s__Candidatus_Nanosynsacchari_sp_TM7_ANC_38_39_G1_1|t__SGB19882	0	0	0	0	0	0	0	0	0	0	0	0	0	4.13106	0	0	0	0	0	0	0	0	0	0	0	0	0	0	0	0
k__Bacteria|p__Firmicutes|c__Clostridia|o__Eubacteriales|f__Peptostreptococcaceae|g__Peptostreptococcaceae_unclassified|s__Peptostreptococcaceae_unclassified_SGB6622|t__SGB6622	0	0	0	0	0	0	0	0	0	0	0	0	0	1.35487	0	0	0	0	0	0	0	0	0	0	0	0	0	0	0	0
k__Bacteria|p__Actinobacteria|c__Actinomycetia|o__Actinomycetales|f__Actinomycetaceae|g__Actinomyces|s__Actinomyces_massiliensis	0	0	0	0	0	0	0	0	0	0	0	0	0	0	2.3513900000000003	0	0	0	0	0	0	0	0	0	0	0	0	0	0	0
k__Bacteria|p__Actinobacteria|c__Actinomycetia|o__Actinomycetales|f__Actinomycetaceae|g__Actinomyces|s__Actinomyces_sp_oral_taxon_170	0	0	0	0	0	0	0	0	0	0	0	0	0	0	0.63541	0	0	0	0	0	0	0	0	0	0	0	0	0	0	0
k__Bacteria|p__Firmicutes|c__Bacilli|o__Lactobacillales|f__Streptococcaceae|g__Streptococcus|s__Streptococcus_mitis|t__SGB8168	0	0	0	0	0	0	0	0	0	0	0	0	0	0	2.4315599999999997	0	0	0	0	0	0	0	0	0	0	0	0	0	0	0
k__Bacteria|p__Actinobacteria|c__Actinomycetia|o__Actinomycetales|f__Actinomycetaceae|g__Actinomyces|s__Actinomyces_massiliensis|t__SGB15873	0	0	0	0	0	0	0	0	0	0	0	0	0	0	2.3513900000000003	0	0	0	0	0	0	0	0	0	0	0	0	0	0	0
k__Bacteria|p__Actinobacteria|c__Actinomycetia|o__Actinomycetales|f__Actinomycetaceae|g__Actinomyces|s__Actinomyces_sp_oral_taxon_170|t__SGB15886	0	0	0	0	0	0	0	0	0	0	0	0	0	0	0.63541	0	0	0	0	0	0	0	0	0	0	0	0	0	0	0
k__Bacteria|p__Firmicutes|c__Bacilli|o__Bacillales	0	0	0	0	0	0	0	0	0	0	0	0	0	0	0	0.16269	0	0	0	0	6.49585	0	0	0	0	0	0	0	0	0
k__Bacteria|p__Firmicutes|c__Bacilli|o__Bacillales|f__Bacillales_unclassified	0	0	0	0	0	0	0	0	0	0	0	0	0	0	0	0.16269	0	0	0	0	6.49585	0	0	0	0	0	0	0	0	0
k__Bacteria|p__Firmicutes|c__Bacilli|o__Bacillales|f__Bacillales_unclassified|g__Gemella	0	0	0	0	0	0	0	0	0	0	0	0	0	0	0	0.16269	0	0	0	0	6.49585	0	0	0	0	0	0	0	0	0
k__Bacteria|p__Firmicutes|c__Bacilli|o__Bacillales|f__Bacillales_unclassified|g__Gemella|s__Gemella_sanguinis	0	0	0	0	0	0	0	0	0	0	0	0	0	0	0	0.16269	0	0	0	0	6.49585	0	0	0	0	0	0	0	0	0
k__Bacteria|p__Actinobacteria|c__Actinomycetia|o__Micrococcales|f__Micrococcaceae|g__Rothia|s__Rothia_mucilaginosa|t__SGB16986	0	0	0	0	0	0	0	0	0	0	0	0	0	0	0	7.12829	0	0	0	0	0	0	0	0	0	0	0	0	0	0
k__Bacteria|p__Firmicutes|c__Bacilli|o__Bacillales|f__Bacillales_unclassified|g__Gemella|s__Gemella_sanguinis|t__SGB7298_group	0	0	0	0	0	0	0	0	0	0	0	0	0	0	0	0.16269	0	0	0	0	6.49585	0	0	0	0	0	0	0	0	0
k__Bacteria|p__Actinobacteria|c__Actinomycetia|o__Actinomycetales|f__Actinomycetaceae|g__Actinomyces|s__Actinomyces_gerencseriae	0	0	0	0	0	0	0	0	0	0	0	0	0	0	0	0	12.21	0	0	0	0	0	0	0	0	0	0	0	0	0
k__Bacteria|p__Fusobacteria|c__Fusobacteriia|o__Fusobacteriales|f__Leptotrichiaceae|g__Leptotrichia|s__Leptotrichia_SGB6069	0	0	0	0	0	0	0	0	0	0	0	0	0	0	0	0	1.15649	0	0	0	0	0	0	0	0	0	0	0	0	0
k__Bacteria|p__Fusobacteria|c__Fusobacteriia|o__Fusobacteriales|f__Leptotrichiaceae|g__Leptotrichia|s__Leptotrichia_hofstadii	0	0	0	0	0	0	0	0	0	0	0	0	0	0	0	0	0.9659200000000001	0	0	0	0	0	0	0	0	0	0	0	0	0
k__Bacteria|p__Actinobacteria|c__Actinomycetia|o__Actinomycetales|f__Actinomycetaceae|g__Actinomyces|s__Actinomyces_gerencseriae|t__SGB15874	0	0	0	0	0	0	0	0	0	0	0	0	0	0	0	0	12.21	0	0	0	0	0	0	0	0	0	0	0	0	0
k__Bacteria|p__Fusobacteria|c__Fusobacteriia|o__Fusobacteriales|f__Leptotrichiaceae|g__Leptotrichia|s__Leptotrichia_SGB6069|t__SGB6069	0	0	0	0	0	0	0	0	0	0	0	0	0	0	0	0	1.15649	0	0	0	0	0	0	0	0	0	0	0	0	0
k__Bacteria|p__Fusobacteria|c__Fusobacteriia|o__Fusobacteriales|f__Leptotrichiaceae|g__Leptotrichia|s__Leptotrichia_hofstadii|t__SGB6062	0	0	0	0	0	0	0	0	0	0	0	0	0	0	0	0	0.9659200000000001	0	0	0	0	0	0	0	0	0	0	0	0	0
k__Bacteria|p__Bacteroidetes|c__Flavobacteriia|o__Flavobacteriales|f__Flavobacteriaceae|g__GGB1832	0	0	0	0	0	0	0	0	0	0	0	0	0	0	0	0	0	6.28299	0	0	0	0	0	0	0	0	0	0	0	0
k__Bacteria|p__Candidatus_Absconditabacteria|c__Candidatus_Absconditabacteria_unclassified|o__Candidatus_Absconditabacteria_unclassified|f__Candidatus_Absconditabacteria_unclassified|g__GGB4937	0	0	0	0	0	0	0	0	0	0	0	0	0	0	0	0	0	4.68551	0	0	0	0	0	0	0	0	0	0	0	0
k__Bacteria|p__Bacteroidetes|c__Flavobacteriia|o__Flavobacteriales|f__Flavobacteriaceae|g__Capnocytophaga|s__Capnocytophaga_gingivalis	0	0	0	0	0	0	0	0	0	0	0	0	0	0	0	0	0	8.85321	0	0	0	0	0	0	0.71386	0	0	0	0	0
k__Bacteria|p__Bacteroidetes|c__Flavobacteriia|o__Flavobacteriales|f__Flavobacteriaceae|g__GGB1832|s__GGB1832_SGB2476	0	0	0	0	0	0	0	0	0	0	0	0	0	0	0	0	0	6.28299	0	0	0	0	0	0	0	0	0	0	0	0
k__Bacteria|p__Candidatus_Absconditabacteria|c__Candidatus_Absconditabacteria_unclassified|o__Candidatus_Absconditabacteria_unclassified|f__Candidatus_Absconditabacteria_unclassified|g__GGB4937|s__GGB4937_SGB6891	0	0	0	0	0	0	0	0	0	0	0	0	0	0	0	0	0	4.68551	0	0	0	0	0	0	0	0	0	0	0	0
k__Bacteria|p__Bacteroidetes|c__Flavobacteriia|o__Flavobacteriales|f__Flavobacteriaceae|g__Capnocytophaga|s__Capnocytophaga_leadbetteri	0	0	0	0	0	0	0	0	0	0	0	0	0	0	0	0	0	2.40351	0	0	0	2.1172	0	0	4.99924	0	0	0	0	0
k__Bacteria|p__Proteobacteria|c__Betaproteobacteria|o__Neisseriales|f__Neisseriaceae|g__Kingella|s__Kingella_denitrificans	0	0	0	0	0	0	0	0	0	0	0	0	0	0	0	0	0	1.37248	0	0	0	0	0	0	0	0	0	0	0	0
k__Bacteria|p__Proteobacteria|c__Betaproteobacteria|o__Neisseriales|f__Neisseriaceae|g__Neisseria|s__Neisseria_elongata	0	0	0	0	0	0	0	0	0	0	0	0	0	0	0	0	0	1.0117200000000002	0	0	0	0	0	13.519429999999998	0	0	0	0	0	0
k__Bacteria|p__Bacteroidetes|c__Flavobacteriia|o__Flavobacteriales|f__Flavobacteriaceae|g__Capnocytophaga|s__Capnocytophaga_gingivalis|t__SGB2479	0	0	0	0	0	0	0	0	0	0	0	0	0	0	0	0	0	8.85321	0	0	0	0	0	0	0.71386	0	0	0	0	0
k__Bacteria|p__Bacteroidetes|c__Flavobacteriia|o__Flavobacteriales|f__Flavobacteriaceae|g__GGB1832|s__GGB1832_SGB2476|t__SGB2476	0	0	0	0	0	0	0	0	0	0	0	0	0	0	0	0	0	6.28299	0	0	0	0	0	0	0	0	0	0	0	0
k__Bacteria|p__Candidatus_Absconditabacteria|c__Candidatus_Absconditabacteria_unclassified|o__Candidatus_Absconditabacteria_unclassified|f__Candidatus_Absconditabacteria_unclassified|g__GGB4937|s__GGB4937_SGB6891|t__SGB6891	0	0	0	0	0	0	0	0	0	0	0	0	0	0	0	0	0	4.68551	0	0	0	0	0	0	0	0	0	0	0	0
k__Bacteria|p__Bacteroidetes|c__Flavobacteriia|o__Flavobacteriales|f__Flavobacteriaceae|g__Capnocytophaga|s__Capnocytophaga_leadbetteri|t__SGB2492	0	0	0	0	0	0	0	0	0	0	0	0	0	0	0	0	0	2.40351	0	0	0	2.1172	0	0	4.99924	0	0	0	0	0
k__Bacteria|p__Proteobacteria|c__Betaproteobacteria|o__Neisseriales|f__Neisseriaceae|g__Kingella|s__Kingella_denitrificans|t__SGB9437	0	0	0	0	0	0	0	0	0	0	0	0	0	0	0	0	0	1.37248	0	0	0	0	0	0	0	0	0	0	0	0
k__Bacteria|p__Proteobacteria|c__Betaproteobacteria|o__Neisseriales|f__Neisseriaceae|g__Neisseria|s__Neisseria_elongata|t__SGB9447	0	0	0	0	0	0	0	0	0	0	0	0	0	0	0	0	0	1.0117200000000002	0	0	0	0	0	13.519429999999998	0	0	0	0	0	0
k__Bacteria|p__Actinobacteria|c__Actinomycetia|o__Actinomycetales|f__Actinomycetaceae|g__Actinomyces|s__Actinomyces_SGB17154	0	0	0	0	0	0	0	0	0	0	0	0	0	0	0	0	0	0	2.0878900000000002	0	0	0	0	0	0	0	0	0	0	0
k__Bacteria|p__Actinobacteria|c__Actinomycetia|o__Actinomycetales|f__Actinomycetaceae|g__Actinomyces|s__Actinomyces_SGB17154|t__SGB17154	0	0	0	0	0	0	0	0	0	0	0	0	0	0	0	0	0	0	2.0878900000000002	0	0	0	0	0	0	0	0	0	0	0
k__Bacteria|p__Bacteroidetes|c__Bacteroidia|o__Bacteroidales|f__Prevotellaceae|g__GGB1144	0	0	0	0	0	0	0	0	0	0	0	0	0	0	0	0	0	0	0	1.6475099999999998	0	0	0	0	0	0	0	0	0	0
k__Bacteria|p__Actinobacteria|c__Actinomycetia|o__Actinomycetales|f__Actinomycetaceae|g__Actinomyces|s__Actinomyces_SGB17157	0	0	0	0	0	0	0	0	0	0	0	0	0	0	0	0	0	0	0	2.55496	0	0	0	0	0	0	0	0	0	0
k__Bacteria|p__Bacteroidetes|c__Bacteroidia|o__Bacteroidales|f__Prevotellaceae|g__GGB1144|s__GGB1144_SGB1469	0	0	0	0	0	0	0	0	0	0	0	0	0	0	0	0	0	0	0	1.6475099999999998	0	0	0	0	0	0	0	0	0	0
k__Bacteria|p__Actinobacteria|c__Actinomycetia|o__Actinomycetales|f__Actinomycetaceae|g__Actinomyces|s__Actinomyces_SGB17157|t__SGB17157	0	0	0	0	0	0	0	0	0	0	0	0	0	0	0	0	0	0	0	2.55496	0	0	0	0	0	0	0	0	0	0
k__Bacteria|p__Bacteroidetes|c__Bacteroidia|o__Bacteroidales|f__Prevotellaceae|g__GGB1144|s__GGB1144_SGB1469|t__SGB1469	0	0	0	0	0	0	0	0	0	0	0	0	0	0	0	0	0	0	0	1.6475099999999998	0	0	0	0	0	0	0	0	0	0
k__Bacteria|p__Firmicutes|c__Bacilli|o__Lactobacillales|f__Streptococcaceae|g__Streptococcus|s__Streptococcus_australis	0	0	0	0	0	0	0	0	0	0	0	0	0	0	0	0	0	0	0	0	4.58026	0	0	0	0	0	0	0	0	0
k__Bacteria|p__Firmicutes|c__Bacilli|o__Lactobacillales|f__Streptococcaceae|g__Streptococcus|s__Streptococcus_australis|t__SGB8059_group	0	0	0	0	0	0	0	0	0	0	0	0	0	0	0	0	0	0	0	0	4.58026	0	0	0	0	0	0	0	0	0
k__Bacteria|p__Proteobacteria|c__Epsilonproteobacteria|o__Campylobacterales|f__Campylobacteraceae|g__Campylobacter|s__Campylobacter_SGB19318	0	0	0	0	0	0	0	0	0	0	0	0	0	0	0	0	0	0	0	0	0	7.344360000000001	0	0	0	0	0	0	0	0
k__Bacteria|p__Candidatus_Saccharibacteria|c__Candidatus_Saccharibacteria_unclassified|o__Candidatus_Saccharibacteria_unclassified|f__Candidatus_Saccharibacteria_unclassified|g__Candidatus_Saccharibacteria_unclassified|s__TM7_phylum_sp_oral_taxon_350	0	0	0	0	0	0	0	0	0	0	0	0	0	0	0	0	0	0	0	0	0	6.057169999999999	0	0	0	0	0	0	0	0
k__Bacteria|p__Proteobacteria|c__Gammaproteobacteria|o__Pasteurellales|f__Pasteurellaceae|g__Aggregatibacter|s__Aggregatibacter_sp_2125159857	0	0	0	0	0	0	0	0	0	0	0	0	0	0	0	0	0	0	0	0	0	0.74805	0	0	0	0	0	0	0	0
k__Bacteria|p__Proteobacteria|c__Epsilonproteobacteria|o__Campylobacterales|f__Campylobacteraceae|g__Campylobacter|s__Campylobacter_SGB19318|t__SGB19318	0	0	0	0	0	0	0	0	0	0	0	0	0	0	0	0	0	0	0	0	0	7.344360000000001	0	0	0	0	0	0	0	0
k__Bacteria|p__Candidatus_Saccharibacteria|c__Candidatus_Saccharibacteria_unclassified|o__Candidatus_Saccharibacteria_unclassified|f__Candidatus_Saccharibacteria_unclassified|g__Candidatus_Saccharibacteria_unclassified|s__TM7_phylum_sp_oral_taxon_350|t__SGB19820	0	0	0	0	0	0	0	0	0	0	0	0	0	0	0	0	0	0	0	0	0	6.057169999999999	0	0	0	0	0	0	0	0
k__Bacteria|p__Proteobacteria|c__Gammaproteobacteria|o__Pasteurellales|f__Pasteurellaceae|g__Aggregatibacter|s__Aggregatibacter_sp_2125159857|t__SGB9733	0	0	0	0	0	0	0	0	0	0	0	0	0	0	0	0	0	0	0	0	0	0.74805	0	0	0	0	0	0	0	0
k__Bacteria|p__Actinobacteria|c__Actinomycetia|o__Propionibacteriales|f__Propionibacteriaceae|g__Arachnia|s__Arachnia_SGB15898	0	0	0	0	0	0	0	0	0	0	0	0	0	0	0	0	0	0	0	0	0	0	0	38.13371	0	0	0	0	0	0
k__Bacteria|p__Bacteroidetes|c__Bacteroidia|o__Bacteroidales|f__Porphyromonadaceae|g__Porphyromonas|s__Porphyromonas_catoniae	0	0	0	0	0	0	0	0	0	0	0	0	0	0	0	0	0	0	0	0	0	0	0	6.8592	0	0	0	0	0	0
k__Bacteria|p__Proteobacteria|c__Gammaproteobacteria|o__Pasteurellales|f__Pasteurellaceae|g__Aggregatibacter|s__Aggregatibacter_SGB9728	0	0	0	0	0	0	0	0	0	0	0	0	0	0	0	0	0	0	0	0	0	0	0	1.4231	0	0	0	0	0	0
k__Bacteria|p__Actinobacteria|c__Actinomycetia|o__Propionibacteriales|f__Propionibacteriaceae|g__Arachnia|s__Arachnia_SGB15898|t__SGB15898	0	0	0	0	0	0	0	0	0	0	0	0	0	0	0	0	0	0	0	0	0	0	0	38.13371	0	0	0	0	0	0
k__Bacteria|p__Bacteroidetes|c__Bacteroidia|o__Bacteroidales|f__Porphyromonadaceae|g__Porphyromonas|s__Porphyromonas_catoniae|t__SGB2036	0	0	0	0	0	0	0	0	0	0	0	0	0	0	0	0	0	0	0	0	0	0	0	6.8592	0	0	0	0	0	0
k__Bacteria|p__Proteobacteria|c__Gammaproteobacteria|o__Pasteurellales|f__Pasteurellaceae|g__Aggregatibacter|s__Aggregatibacter_SGB9728|t__SGB9728	0	0	0	0	0	0	0	0	0	0	0	0	0	0	0	0	0	0	0	0	0	0	0	1.4231	0	0	0	0	0	0
k__Bacteria|p__Fusobacteria|c__Fusobacteriia|o__Fusobacteriales|f__Leptotrichiaceae|g__Leptotrichia|s__Leptotrichia_hongkongensis	0	0	0	0	0	0	0	0	0	0	0	0	0	0	0	0	0	0	0	0	0	0	0	0	10.61931	0	0	0	0	0
k__Bacteria|p__Actinobacteria|c__Actinomycetia|o__Actinomycetales|f__Actinomycetaceae|g__Actinomyces|s__Actinomyces_sp_Marseille_P3109	0	0	0	0	0	0	0	0	0	0	0	0	0	0	0	0	0	0	0	0	0	0	0	0	2.39606	0	0	0	0	0
k__Bacteria|p__Fusobacteria|c__Fusobacteriia|o__Fusobacteriales|f__Leptotrichiaceae|g__Leptotrichia|s__Leptotrichia_hongkongensis|t__SGB6059	0	0	0	0	0	0	0	0	0	0	0	0	0	0	0	0	0	0	0	0	0	0	0	0	10.61931	0	0	0	0	0
k__Bacteria|p__Actinobacteria|c__Actinomycetia|o__Actinomycetales|f__Actinomycetaceae|g__Actinomyces|s__Actinomyces_sp_Marseille_P3109|t__SGB15885	0	0	0	0	0	0	0	0	0	0	0	0	0	0	0	0	0	0	0	0	0	0	0	0	2.39606	0	0	0	0	0
UNCLASSIFIED	0	0	0	0	0	0	0	0	0	0	0	0	0	0	0	0	0	0	0	0	0	0	0	0	0	0	100	0	100	100